ticket_id,arrival_time,closed_time,total_time,dev_review_cycles,test_cycles,wait_dev_review,wait_testing
1,0.0,7.634562456476308,7.634562456476308,1,1,0.0,0.0
2,7.337553624615464,36.314497320845994,28.97694369623053,3,1,0.0,0.0
3,18.97310224784701,69.26552446196655,50.29242221411954,3,1,5.234245317506286,0.0
4,22.835768951967342,59.828455597063595,36.992686645096256,3,1,0.0,0.0
5,31.319922297036012,71.20670027534496,39.88677797830894,2,2,11.131531667870536,1.2349158587975353
6,31.486539649102113,42.64519989273911,11.158660243636994,1,1,3.4013851924020884,0.0
7,41.272701299971104,68.35360703824901,27.080905738277906,1,1,0.0,0.0
8,68.89402872950193,90.77389912306262,21.879870393560694,2,1,0.0,0.0
9,74.31370019744789,83.01396501364965,8.700264816201766,1,1,0.0,0.0
10,76.26442922197944,111.42830462416995,35.16387540219051,2,1,0.0,0.0
11,95.53909337668107,145.2580637745652,49.71897039788412,3,2,9.769102903969,3.62010185124862
12,101.12199361348978,106.74594260789728,5.623948994407499,1,1,0.0,0.0
13,107.65012797930615,124.20530261218128,16.555174632875136,1,1,0.0,0.0
14,109.50856317388438,155.78607642394712,46.27751325006274,2,1,1.540942953041963,2.0604535883813355
15,109.73380800778823,132.90954355268937,23.175735544901144,1,1,4.0901478851467346,0.0
16,112.08900379584958,164.51190219683664,52.422898400987066,4,1,20.038285800373714,2.5750740962243697
17,118.18626000827223,164.42295278148484,46.23669277321261,2,2,10.228757318422637,3.8954228686937142
18,126.67397365813214,143.35357619329022,16.679602535158082,1,1,5.797413532726253,0.0
19,133.8759776751748,168.9154962694013,35.03951859422651,1,1,5.2414840162983865,0.43381552156256475
20,138.3029025537302,155.41669195948046,17.113789405750254,1,1,1.1481057838483082,0.4124055458471503
21,146.8688342039264,160.58373385314067,13.71489964921426,1,1,3.5590449778553648,0.0
22,154.64207594988358,167.02328738011,12.381211430226415,2,1,2.0207027392132204,0.7277822277565917
23,159.2968881012447,165.34029710591557,6.0434090046708775,1,1,0.0,2.4030203951969895
24,171.6569149018149,180.36337861387634,8.706463712061435,1,1,0.0,0.0
25,180.80040456626628,189.32061217135225,8.520207605085972,2,1,0.0,0.0
26,183.5975537677997,210.7106683117503,27.113114543950616,2,1,0.0,0.0
27,199.15511168616817,209.13447115835308,9.97935947218491,1,1,0.0,0.0
28,209.80799652673392,235.07215233285828,25.264155806124364,3,2,2.873619893269762,0.0
29,215.2958666670194,227.9059899626228,12.610123295603415,1,1,0.0,0.0
30,220.51370062988042,247.63525904862567,27.121558418745252,3,2,4.2443251071779855,0.0
31,220.86012365369717,276.35767795927666,55.497554305579484,3,1,2.7778235694039495,0.0
32,221.6814728246252,233.56118367306448,11.879710848439288,1,1,0.9701306636446247,0.0
33,224.0059173889362,292.5330162939708,68.52709890503456,3,1,10.924293257288014,0.0
34,237.71739594773675,260.4161943254252,22.698798377688433,1,1,3.9180812613613227,0.0
35,248.30284000640913,280.71784215770947,32.41500215130034,2,1,12.320460232534487,0.0
36,254.89515488751795,268.26518266229493,13.370027774776986,1,1,3.983713490393825,0.0
37,255.1006503295942,267.70793846168357,12.607288132089366,1,1,5.887429006336731,0.0
38,261.5880024605736,301.04702277640524,39.45902031583165,2,2,9.521760344397705,0.166600085013215
39,263.8074122278988,288.7505132893093,24.943101061410516,1,1,9.675846463802259,0.0
40,277.29691019713556,285.06022682705066,7.763316629915096,1,1,0.0,0.0
41,278.47763027071926,338.0026945116989,59.525064240979646,1,1,2.461170291621386,0.0
42,285.4832062996025,301.13606499125365,15.652858691651147,1,1,4.53978987415428,0.0
43,292.6877149241686,302.3566975150259,9.668982590857354,2,1,0.5581515996382223,0.4823657953403995
44,294.3748715275146,316.9323213658425,22.557449838327898,1,1,0.7658163333919106,0.0
45,302.6365190083977,372.13492830245775,69.49840929406002,4,4,0.0,0.0
46,327.99307770943466,389.5297307311956,61.53665302176097,2,1,0.0,0.0
47,342.15227719093787,346.6058851986064,4.453608007668549,1,1,0.0,0.0
48,342.6344152870048,365.63457231985524,23.00015703285044,2,2,0.0,0.0
49,364.44609654576686,369.08293099026554,4.636834444498675,1,1,0.0,0.0
50,367.08031683354324,377.4126982581948,10.332381424651544,1,1,0.3311188692968017,0.0
51,375.8311804293997,393.31280502685536,17.481624597455664,2,2,0.0,0.0
52,387.14863404576147,397.428039807222,10.27940576146051,1,1,0.0,0.0
53,391.2315885072951,406.1369170297924,14.905328522497314,2,2,0.0,0.0
54,393.0309635456253,406.73942766419066,13.70846411856536,1,1,0.0,0.0
55,396.1336894582339,424.89623019763815,28.762540739404244,2,1,0.0,0.0
56,398.64567467214096,407.07209667646896,8.426422004328003,1,1,0.0,3.803486746307783
57,402.4556989495988,437.9494381008932,35.49373915129439,1,1,0.0,2.2894224227654263
58,404.955230046468,432.78512970730753,27.829899660839544,1,1,0.0,0.0
59,405.48040351356065,437.24249780521336,31.762094291652716,1,1,12.25332076589342,2.8779505099936387
60,410.63920734239105,431.12408835226506,20.484881009874016,1,1,11.907576162442354,0.0
61,416.7431292358243,446.75101054724445,30.007881311420135,1,1,11.012411535580782,1.6782749781430653
62,422.8377144049774,441.3258476901479,18.488133285170477,2,1,5.996951524522217,2.9268228501588283
63,433.11854128981435,445.7258739248117,12.607332634997363,1,1,0.0,0.0
64,435.71689466069245,476.17479448024756,40.45789981955511,4,3,0.0,0.0
65,454.01274862982433,470.9675095091202,16.95476087929586,1,1,0.0,0.0
66,469.75881355758867,481.862467403177,12.103653845588326,1,1,0.0,0.0
67,471.80854886006244,485.075433359892,13.26688449982953,1,1,0.0,0.0
68,478.6895945828449,491.93545738967975,13.24586280683485,1,1,0.0,0.0
69,485.2813350367978,497.26791270240153,11.986577665603704,1,1,0.0,0.0
70,512.9943453495281,524.4287559331281,11.43441058359997,1,1,0.0,0.0
71,513.9654195399669,533.8183373501391,19.852917810172244,1,1,0.0,0.0
72,516.3379554653055,531.3006574148573,14.962701949551729,2,1,0.0,0.0
73,520.1498228068293,535.8470457351003,15.697222928271003,2,1,0.0,0.0
74,535.7332967348112,545.0923195741992,9.35902283938799,1,1,0.0,0.0
75,540.8989672952471,548.7147346734299,7.815767378182841,1,1,0.0,0.869863477955505
76,541.0252553663152,551.8072012106385,10.781945844323332,1,1,0.0,0.0
77,558.6749111199775,573.0383364539298,14.36342533395225,2,1,0.0,0.0
78,560.9754734894728,580.5311411936848,19.555667704211942,2,1,0.0,0.0
79,565.663483595532,577.2894035117055,11.625919916173416,1,1,0.0,0.0
80,571.5587455542441,599.5925350118364,28.03378945759232,3,3,0.48127144317334114,0.0
81,572.5066172345746,701.5508405024484,129.0442232678738,5,5,8.116205841314127,2.746929223847701
82,582.0047141626576,591.235467834046,9.230753671388356,1,1,0.0,0.0
83,582.7081521268063,598.3073778285104,15.599225701704086,1,1,0.8589244989301505,0.0
84,584.9157880520796,593.5878294042182,8.672041352138535,1,1,0.0,0.0
85,585.7046232514895,628.5778130568968,42.87318980540738,3,1,13.420812714281396,0.06466316001501582
86,607.1848376121291,621.6552734532675,14.470435841138396,1,1,0.0,0.0
87,608.2992333190792,637.1072466779199,28.80801335884064,1,1,0.0,0.0
88,608.8084369559601,619.1736835285701,10.365246572609976,1,1,4.582791396635798,0.0
89,621.4851159527105,681.1970069678622,59.71189101515165,3,2,17.97305131119515,0.0
90,626.218208334847,650.5621557162314,24.343947381384396,2,2,5.404491471092683,0.0
91,628.0219892107781,656.0330589877877,28.011069777009652,2,2,5.599855910917995,0.0
92,639.2484601759107,662.5219476417608,23.273487465850053,1,1,3.7763442906298224,0.0
93,646.1052773091043,677.6177594512076,31.512482142103295,1,1,9.451088704709264,0.0
94,650.029360842184,674.3949272002785,24.365566358094497,1,1,18.242894409422547,0.0
95,666.2795957540525,694.8092988228225,28.529703068770004,1,1,6.3529072285862185,0.0
96,668.870300378793,684.8475177690983,15.977217390305327,1,1,5.917067084663358,1.4189835205113468
97,688.0757453909803,699.8013684474355,11.72562305645522,1,1,0.0,0.0
98,690.1063388103183,701.6796355032657,11.573296692947338,1,1,0.0,0.0
99,691.6821895211375,710.1371559379476,18.454966416810066,1,1,5.257919794568352,0.0
100,691.991554585042,706.5055051896906,14.513950604648585,1,1,5.097958472263713,0.0
101,715.6423876731316,774.2143398432037,58.57195217007211,2,2,7.631283088899863,0.0
102,718.9362455506349,730.6305814063203,11.694335855685381,1,1,0.0,0.0
103,723.6725588059855,761.8356255141272,38.16306670814163,3,2,10.646166458735593,0.0
104,726.8076398594025,748.0575180643875,21.249878204985066,2,1,0.0,0.0
105,737.4523903902383,753.2081732251451,15.755782834906768,1,1,0.0,0.0
106,738.1121075785064,778.4339528125871,40.32184523408068,2,1,3.89145037011383,0.0
107,738.3247183201295,752.5072170991144,14.18249877898495,1,1,5.759888611927863,0.0
108,744.3251002488934,766.8218182378671,22.496717988973728,1,1,12.399583327305436,0.0
109,749.4530405069042,773.2716576708966,23.81861716399237,1,1,12.289942614041479,0.0
110,758.9024654893749,805.9979854305914,47.09551994121648,1,1,5.6847377306662565,0.0
111,777.4283155223105,782.8011929336333,5.372877411322747,1,1,0.0,0.0
112,781.0641697374186,801.234615597992,20.17044586057341,1,1,0.0,0.0
113,781.9377107450662,827.5844973908015,45.64678664573535,2,2,2.5496914299394575,0.0
114,785.195603034691,897.4091512916153,112.21354825692435,4,2,25.422341419491545,0.0
115,797.8442491121716,813.5584124123824,15.714163300210771,1,1,3.696051209955499,0.0
116,805.320055724786,842.473725803161,37.153670078374944,4,3,0.27805335974460377,0.0
117,810.3331753465102,865.4803430245775,55.14716767806726,3,1,12.677382385130159,0.0
118,828.6999798120681,842.9118526243168,14.211872812248657,1,1,5.025573366575031,0.0
119,831.8430379987985,862.9503569913832,31.107318992584624,1,1,3.0164640363506123,0.0
120,839.1958777982131,852.9510548462957,13.7551770480826,1,1,2.790068149146464,0.0
121,844.505305276512,868.464567603333,23.959262326820976,1,1,11.15689649681417,0.0
122,852.8195498094362,872.6647914058925,19.845241596456276,2,1,9.48903867574802,0.0
123,857.4813049530699,926.4714642397284,68.99015928665858,1,1,4.350505823710591,0.0
124,862.3457331762929,881.4466505689367,19.100917392643737,1,1,9.944759158578904,0.0
125,863.9382268893465,921.0941217053116,57.1558948159651,2,2,19.845086130173286,0.0
126,870.3073530356464,938.6306577970026,68.32330476135621,3,1,41.24303001329554,0.0
127,870.4422555386546,901.2966858093308,30.854430270676175,1,1,9.0906588984451,0.0
128,879.0146938457085,905.2065573097432,26.191863464034668,1,1,8.378465740675551,1.8276576611069686
129,888.8823348969555,943.748293881513,54.86595898455744,2,1,35.40921933654499,0.347395127909067
130,896.4444300466253,941.4735272651907,45.029097218565425,1,1,15.66679011579231,2.6643512024603524
131,897.5605067178798,938.9618782049589,41.40137148707913,1,1,20.45432493385897,0.0
132,903.4827916396896,958.1445563204454,54.66176468075582,2,1,25.207318745128532,0.0
133,944.2866641539949,957.9765469951867,13.689882841191775,2,1,0.0,0.0
134,945.1408325371917,972.9464643371721,27.805631799980347,1,1,0.0,0.0
135,948.2265606246774,964.1181233531374,15.89156272846003,1,1,2.2362924171953864,0.0
136,955.3331440713986,970.3562441464635,15.023100075064917,3,1,1.4184247124399008,0.0
137,957.7799226370998,990.5769055717554,32.7969829346556,4,1,6.628588016995309,0.0
138,964.5810953703386,1007.6513526569546,43.07025728661597,3,1,4.492929153899581,2.639077771100119
139,965.5351843208814,1026.4159549952342,60.88077067435279,5,5,7.819077236827638,0.0
140,977.012910027009,987.0731307501562,10.060220723147268,1,1,0.0,0.0
141,980.5223616054095,1005.7986235974989,25.276261992089417,2,2,1.1121712353215116,2.2592270464002695
142,985.2830090918834,1006.2532757636462,20.97026667176283,1,1,2.939652406048367,0.0
143,992.4997371825457,1017.590183528128,25.090446345582336,1,1,7.677301576301147,0.0
144,997.5973489042776,1024.7627978467942,27.165448942516605,1,1,4.1585744004740945,0.0
145,1016.7881824039705,1018.6656426291413,1.8774602251708075,1,1,0.0,0.0
146,1019.7790717025885,1068.9309579321714,49.15188622958294,4,1,0.0,0.0
147,1023.7476176447391,1037.961455835218,14.213838190478896,1,1,0.0,0.0
148,1046.2402309503047,1058.2281627006382,11.987931750333473,1,1,0.0,0.0
149,1059.8935153837995,1067.5760817684088,7.682566384609345,1,1,0.0,0.0
150,1063.985426824616,1084.8247945699625,20.839367745346408,2,1,0.0,0.0
151,1068.9487275682352,1096.1225533419552,27.173825773719955,1,1,0.0,0.0
152,1071.4503405961127,1120.315177825658,48.8648372295454,4,2,6.438983835898171,0.0
153,1081.17440411794,1097.2706435397117,16.09623942177177,1,1,0.0,0.0
154,1084.5616350924058,1129.5534720502383,44.99183695783245,3,2,1.4914267092597129,0.0
155,1092.9133746541236,1103.461974309712,10.548599655588532,1,1,2.6595882730666744,0.0
156,1094.3792034901212,1113.0054484475077,18.62624495738646,1,1,1.6379498669168697,0.0
157,1096.0654456264215,1115.6700316516083,19.60458602518679,1,1,6.5470812905473394,0.0
158,1112.3280178589823,1119.1636803641086,6.835662505126265,1,1,0.0,0.0
159,1126.6145383294427,1135.4053488348782,8.790810505435502,1,1,0.0,0.0
160,1132.8547146154044,1138.2569508061947,5.4022361907902905,1,1,0.0,0.0
161,1133.1494159401893,1169.6131695056044,36.46375356541512,3,1,0.0,0.0
162,1147.720604369677,1154.828420788246,7.107816418568973,1,1,0.0,0.0
163,1150.326128981936,1168.9312784990861,18.60514951715004,1,1,0.0,0.0
164,1189.6866742680234,1215.8873905603461,26.200716292322795,2,1,0.0,0.0
165,1191.7943634112692,1207.4124561446133,15.618092733344156,3,1,0.0,0.0
166,1194.3655161863644,1203.9093999089284,9.543883722564033,1,1,0.0,0.0
167,1199.6411807936233,1227.727099616969,28.085918823345764,2,1,0.0,0.0
168,1201.142781267392,1210.3185766101794,9.175795342787524,1,1,2.5646919367343344,0.0
169,1211.1295578468626,1225.9412321833447,14.811674336482156,2,1,0.0,0.0
170,1226.0112974610113,1237.2925322977849,11.281234836773592,1,1,0.0,0.0
171,1229.7638068358253,1246.6520879649715,16.888281129146208,1,1,0.0,0.0
172,1233.7536279766198,1248.852498045011,15.098870068391307,2,1,0.0,0.0
173,1241.0487834086414,1264.352442477069,23.303659068427578,2,2,0.0,0.0
174,1247.8917260254173,1279.9478837130926,32.056157687675295,2,1,0.0,0.0
175,1272.471772344121,1279.6407427891095,7.1689704449884175,1,1,0.0,0.0
176,1273.7042449173343,1296.9769529495036,23.27270803216925,2,2,0.0,0.0
177,1287.5443265416536,1307.2142422492595,19.669915707605924,1,1,0.0,0.0
178,1291.5448109066324,1315.9497529441433,24.404942037510864,1,1,0.0,0.0
179,1297.2600180329475,1313.731632854787,16.471614821839466,1,1,0.0,0.0
180,1321.9662130283928,1335.9572559493909,13.991042920998098,1,1,0.0,0.0
181,1332.451709631244,1357.9707356889776,25.519026057733527,3,1,0.0,0.0
182,1342.3060077677235,1357.4598229410155,15.15381517329206,1,1,0.0,0.0
183,1344.922466649355,1349.9585672896242,5.036100640269069,1,1,0.0,0.0
184,1366.0625131016304,1392.6974944731544,26.634981371523963,2,1,7.266967573677675,0.0
185,1371.5395235024776,1382.7051910031255,11.165667500647942,1,1,0.0,0.0
186,1372.055392243509,1387.5809343387778,15.525542095268747,1,1,0.0,0.0
187,1375.8587046347345,1396.1081818180094,20.24947718327485,1,1,1.992360995908939,0.0
188,1377.1929970165759,1443.720740728602,66.52774371202622,4,2,5.74161449976441,6.938810659341243
189,1380.9822564317892,1406.3572504326635,25.374994000874267,1,1,6.1202749304527515,0.5859353437090249
190,1391.469318633137,1400.6770639982687,9.207745365131814,1,1,0.0,3.0924792116011304
191,1391.4766440911967,1417.6909166471826,26.214272555985872,1,1,0.6349150382486641,0.0
192,1403.5201008615363,1411.6502785841797,8.130177722643339,1,1,0.0,0.0
193,1408.83460116359,1457.2209461088407,48.38634494525081,3,3,0.0,0.0
194,1425.9410505280157,1439.7961220182806,13.85507149026489,1,1,0.0,3.5739711063949926
195,1428.5605527278203,1436.3747549663535,7.814202238533198,1,1,0.0,0.0
196,1435.0169208310074,1444.590199362831,9.57327853182369,1,1,0.0,0.024559880459719352
197,1438.3584754566284,1465.5952423922806,27.236766935652213,2,1,0.0,0.0
198,1444.8125141965622,1471.0480112739858,26.235497077423588,1,1,0.0,2.6416130733989576
199,1447.8665567600858,1475.119441556966,27.252884796880153,2,1,5.3545240470114095,3.53928596642686
200,1452.8786730205265,1462.7355585730156,9.856885552489075,1,1,0.7499025482654815,0.0
201,1458.0184226452218,1480.1542005247793,22.13577787955751,1,1,1.2667189507762942,0.0
202,1460.019319793031,1467.7136522954831,7.694332502452198,1,1,0.07462570658572076,0.6130423733436601
203,1461.3893870317233,1472.947300529022,11.557913497298614,1,1,3.5928129872136196,1.0347793624666792
204,1489.9510909763258,1496.930302106643,6.979211130317253,1,1,0.0,0.0
205,1491.0314912897,1492.6377263261934,1.6062350364934446,1,1,0.0,0.0
206,1494.213198753227,1525.675698415314,31.462499662086884,1,1,0.0,0.0
207,1513.0772879443603,1561.5011247798375,48.42383683547723,2,1,0.9579238589556098,0.0
208,1517.6122419998035,1524.9563685296976,7.344126529894083,1,1,0.0,0.0
209,1523.4204868020563,1533.3612581231694,9.940771321113061,1,1,0.0,0.0
210,1523.775594852667,1543.7209977816044,19.945402928937483,1,1,0.0,0.0
211,1528.3778247257067,1567.574846189975,39.197021464268346,2,1,14.40588239155295,0.0
212,1534.0603754605377,1556.1528118164624,22.092436355924747,1,1,4.673741619362772,0.0
213,1537.21622757977,1553.330323983376,16.114096403606027,1,1,6.301374417103943,0.0
214,1552.6533134313718,1562.4608470253827,9.80753359401092,1,1,2.4484021427649623,0.5740601893769508
215,1553.4045074695416,1610.3141084475517,56.909600978010076,5,1,3.6793121539953972,0.0
216,1570.468299491453,1576.0939592682168,5.625659776763769,1,1,0.0,0.0
217,1614.3979934396555,1636.079267187101,21.68127374744563,2,1,0.0,0.0
218,1635.1061547011002,1649.9090535093183,14.80289880821806,1,1,0.0,0.0
219,1646.2189726347885,1661.3547948706234,15.135822235834894,1,1,0.0,0.0
220,1650.7572744927295,1681.4805324682736,30.72325797554413,4,1,2.062775875709576,0.0
221,1650.8486163594691,1659.8731363380782,9.024519978609078,1,1,0.0,0.0
222,1650.8855328990028,1667.7115389107016,16.826006011698837,2,1,2.5527770313597102,0.0
223,1655.122314473059,1683.6993763837786,28.57706191071952,2,1,0.5543165940819108,0.0
224,1677.1373996231307,1711.3296445953686,34.19224497223786,3,1,0.0,0.0
225,1678.8647581746743,1692.8767253077058,14.011967133031476,1,1,0.0,0.0
226,1693.0536875664188,1705.3361724416297,12.282484875210912,1,1,0.0,0.0
227,1695.5542375467405,1731.6170238302436,36.0627862835031,3,2,6.223357352400853,0.0
228,1695.8738277907698,1715.185113056639,19.311285265869174,1,1,6.161427094005376,0.0
229,1696.7797742935895,1719.392450086285,22.612675792695427,1,1,9.425702192767403,0.0
230,1698.8355091269207,1723.3072331301198,24.471724003199142,1,1,7.84813223004403,0.43995403818553314
231,1704.6887904255857,1719.4333894751328,14.744599049547105,1,1,4.267987573703067,0.9950493729970731
232,1712.418006580093,1735.1497614798932,22.73175489980008,1,1,1.772057103548832,0.0
233,1726.5326754825385,1732.2748435411181,5.742168058579637,1,1,0.0,2.10190479516541
234,1735.3840393156793,1754.9590095234053,19.574970207725983,1,1,0.0,0.0
235,1737.1271035751054,1748.6091407222052,11.482037147099845,1,1,0.0,0.0
236,1737.4720813972629,1767.9554239875176,30.48334259025478,2,1,0.0,0.0
237,1743.0106586450738,1761.644816934796,18.63415828972211,1,1,0.3555907831851073,0.0
238,1744.338690590226,1764.6475275050561,20.30883691483018,2,2,3.746592430730743,2.4680586851352473
239,1745.1678226838026,1762.2744258953144,17.10660321151181,1,1,4.474106197204037,0.0
240,1754.8810424329497,1768.0361209912644,13.155078558314699,1,1,1.3148494034523992,0.03240661712607107
241,1758.4958407605905,1779.5462911140623,21.050450353471888,2,2,0.6809174890702252,0.30105578992220217
242,1764.3356825638095,1770.6804298837865,6.344747319976932,1,1,0.0,1.1177186011964295
243,1767.0053720285232,1791.8530975584515,24.84772552992831,3,3,0.0,0.0
244,1777.161884255103,1790.6823743988668,13.520490143763936,1,1,0.0,0.0
245,1781.8375532912125,1784.7332726479958,2.8957193567832746,1,1,0.0,0.0
246,1798.7338481653105,1814.3710954973544,15.637247332043898,1,1,0.0,0.0
247,1810.1507591808584,1843.467322688815,33.316563507956744,1,1,0.0,0.0
248,1821.1653071620208,1847.6984777444402,26.533170582419416,2,2,2.8796238801435265,4.026072948510546
249,1824.6084441361231,1847.173517446529,22.565073310405978,2,1,0.0,1.3923152561228562
250,1825.9581646573201,1843.7281077515283,17.7699430942082,2,1,0.0,0.0
251,1833.6478335666034,1848.7280029424164,15.080169375813057,1,1,3.458631795328529,2.6334114046128434
252,1833.682701862503,1866.7029313422963,33.020229479793215,2,1,5.758547877801448,0.0
253,1844.4209645188182,1853.6765389003212,9.255574381503038,1,1,0.0,0.5817772757532111
254,1870.2703700009854,1893.5272100216014,23.256840020615982,2,2,0.0,0.0
255,1873.0659094431758,1876.354879586732,3.2889701435562984,1,1,0.0,0.0
256,1876.8269000531657,1885.7789264189541,8.95202636578847,1,1,0.0,0.0
257,1881.5396765085745,1905.9961259811118,24.456449472537315,1,1,0.0,0.0
258,1894.8510867339694,1903.4816766074182,8.630589873448798,1,1,0.0,0.0
259,1916.0675798741106,1929.5160576905953,13.448477816484683,1,1,0.0,0.0
260,1927.7100745461871,1943.8501282241175,16.140053677930382,2,1,0.0,0.0
261,1930.1589268774717,1951.320761646459,21.16183476898732,2,1,0.0,0.0
262,1937.5630127239572,1971.1482006832325,33.585187959275345,2,2,3.8185123408738946,3.176053759833394
263,1939.756848931652,1956.626048774783,16.8691998431309,1,1,0.3816834091162491,0.0
264,1940.22023914225,1945.6629589105908,5.442719768340794,1,1,1.8606025451756523,0.0
265,1942.544424957925,1957.650459209907,15.10603425198201,1,1,1.5831793717168239,1.3971277616180942
266,1944.697606175268,1962.663091710883,17.965485535615016,1,1,1.663734838328537,6.848132387314081
267,1945.685965020495,1967.6534081928348,21.967443172339927,1,1,3.260831703490794,3.9368086463057352
268,1947.5028296178975,1977.5629846615702,30.060155043672694,2,2,4.536505074243905,7.738002848322594
269,1949.842321977568,1966.392420923366,16.550098945798027,1,1,2.8469181509092323,0.8242956273068103
270,1958.985404102229,1972.9235826142758,13.938178512046761,1,1,0.0,1.4554943160119365
271,1962.705338304541,1977.5720550831256,14.866716778584532,1,1,0.5110288589914944,5.26549659353509
272,1964.0797907503952,1981.94532232382,17.865531573424732,2,2,2.1181231264276903,4.028317026813738
273,1994.0427307974403,2063.141480706409,69.09874990896856,5,3,0.0,0.0
274,2010.4809064916392,2037.0431411472105,26.562234655571274,3,1,0.0,1.1261632895311777
275,2013.4620146439988,2037.00251539927,23.54050075527107,1,1,0.0,0.0
276,2022.427725194073,2034.9584480132037,12.530722819130688,1,1,4.9902219580094425,0.0
277,2031.160217714046,2047.6770031170722,16.516785403026233,1,1,1.970978943659702,0.0
278,2064.4286660483194,2081.3947559347935,16.966089886474037,1,1,0.0,0.0
279,2064.972234184024,2072.1051658526844,7.1329316686606035,1,1,0.0,0.0
280,2078.025678137555,2088.771844242039,10.746166104484018,1,1,0.0,0.0
281,2087.5677214644807,2116.588279923372,29.020558458891173,2,2,0.0,0.0
282,2091.563012472283,2099.7036039444997,8.140591472216784,1,1,0.0,0.0
283,2108.9309536038936,2115.262754766382,6.331801162488318,1,1,0.0,0.0
284,2122.444363512266,2167.890886347234,45.44652283496771,2,2,0.0,0.0
285,2136.6193171315417,2151.737622705349,15.118305573807447,1,1,0.0,0.0
286,2144.1695528710516,2152.919774948767,8.750222077715534,1,1,0.0,0.0
287,2149.809449951334,2157.573553734402,7.764103783068094,1,1,0.0,0.0
288,2152.8297348446304,2160.273319080982,7.443584236351853,1,1,0.0,0.0
289,2164.1984200351753,2175.0688971118793,10.870477076703992,1,1,0.0,0.0
290,2167.90968717498,2175.2053358340586,7.295648659078779,1,1,0.0,0.0
291,2174.430070987741,2232.5388924764848,58.108821488743615,1,1,0.0,0.0
292,2181.127455935307,2205.106630156616,23.979174221309222,2,1,0.0,0.0
293,2187.919536159661,2198.428639391456,10.509103231794597,1,1,0.0,0.0
294,2194.487873115956,2221.108008376746,26.620135260789993,1,1,3.6524548659554057,0.0
295,2203.073221855697,2213.083960429589,10.010738573892013,1,1,0.0,0.0
296,2213.6519553574244,2362.403251211971,148.7512958545467,7,3,27.564543783513727,0.0
297,2214.1162152629545,2260.7263094928294,46.6100942298749,3,3,11.752634385732108,0.0
298,2216.3884563596216,2226.2467376988116,9.858281339189944,1,1,1.7260446296604641,0.0
299,2224.479858255596,2245.9716636589424,21.49180540334646,1,1,0.7491653950405635,0.0
300,2224.9192710041525,2246.8386967829483,21.919425778795812,1,1,6.069382072980261,0.0
301,2227.219166975063,2261.496793466156,34.27762649109263,2,1,22.089920072738096,2.5095715917013877
302,2231.2144356986505,2257.7406668814506,26.526231182800075,1,1,9.10669592959357,0.0
303,2233.663288539179,2262.2083175408875,28.54502900170837,1,1,11.385314182906313,0.0
304,2264.6815854051843,2291.422378172494,26.740792767309813,3,2,3.2683999770333685,6.592853339485828
305,2265.7019017565462,2271.7088640288357,6.0069622722894565,1,1,0.0,0.0
306,2270.6438491055937,2287.3669758180345,16.723126712440717,2,1,0.0,0.0
307,2272.823939548283,2289.0656195220377,16.2416799737548,1,1,0.0,6.0075572297873805
308,2277.7106980955714,2295.995127078667,18.284428983095495,1,1,3.094535351830473,0.0
309,2279.094949971522,2297.4589038525774,18.363953881055295,1,1,2.2644686167250256,0.0
310,2279.778012327693,2309.98689086894,30.20887854124703,2,2,6.143024937286555,0.0
311,2283.352429858652,2310.429041198553,27.076611339900865,1,1,9.222589607685222,1.8152063278366768
312,2292.713914674317,2299.417117958722,6.703203284404935,1,1,0.7989870739897924,0.0
313,2294.4947364572045,2394.3574420750165,99.86270561781203,5,4,51.6016035656462,0.1901624236279531
314,2298.5689527069826,2318.1497551093603,19.580802402377685,1,1,9.362897695820266,0.0
315,2299.8562174383956,2330.7112112799036,30.854993841508076,1,1,8.315467102707771,0.0
316,2300.799431281668,2327.6514069641808,26.851975682512602,1,1,14.0312789593454,0.0
317,2301.1900732694216,2389.1111112692856,87.92103799986398,4,1,44.45678697955327,0.0
318,2310.0559931519447,2333.02951527475,22.973522122805207,1,1,8.351627981583988,0.9683655164444644
319,2323.5610612625046,2345.741608466566,22.18054720406144,1,1,3.383820118499443,0.0
320,2330.149617741494,2346.4950730802157,16.345455338721877,1,1,7.556337418298426,0.0
321,2331.2946461713163,2354.9170489153785,23.62240274406213,1,1,9.349400442709339,0.0
322,2336.4742096104023,2363.104975588293,26.63076597789086,2,1,15.938967759198476,0.0
323,2344.2008806957165,2410.841793520935,66.64091282521849,3,2,21.21397609596397,1.0055743469815752
324,2351.9438026769944,2381.1621329842014,29.218330307206998,1,1,10.450855627422698,0.0
325,2353.988526534635,2395.4419814636403,41.45345492900515,2,1,27.18034382006499,1.3284163145776802
326,2364.5116102508223,2379.9904135251386,15.478803274316306,1,1,5.996960837383995,0.0
327,2365.8415194688328,2400.7123798241787,34.87086035534594,2,1,14.238748769671929,1.19964855284843
328,2371.6673830850445,2391.968625839271,20.301242754226678,1,1,14.226407914795345,0.0
329,2381.454620207883,2406.487419835727,25.032799627843815,1,1,7.7783855581446915,0.0
330,2390.0365104864695,2401.600205455475,11.56369496900561,1,1,1.741952929173749,0.0
331,2390.4391772713975,2408.023422639223,17.584245367825588,1,1,2.7186162507705376,0.0
332,2402.209485103422,2408.259299300093,6.049814196670923,1,1,0.11431213407786345,0.0
333,2403.100351533258,2441.8712022580953,38.770850724837146,2,1,2.5330892175875306,0.0
334,2405.8011522002707,2414.7275842639433,8.926432063672564,1,1,0.76351146657953,0.0
335,2410.817168626308,2446.165187920245,35.348019293936886,3,3,0.0,0.7880139658022927
336,2436.0169881238376,2449.75563796447,13.738649840632661,1,1,0.0,0.0
337,2439.2027028603657,2472.5999337930753,33.39723093270959,1,1,0.0,0.0
338,2444.158884650461,2464.1717401578185,20.01285550735747,1,1,0.0,0.0
339,2446.4775697996065,2464.428006553551,17.95043675394436,2,1,1.9641398186049628,0.0
340,2452.9034354220034,2466.634423230186,13.730987808182363,1,1,2.0537758396449135,0.0
341,2465.896956023971,2490.95249634902,25.055540325048696,2,1,0.0,0.0
342,2474.0779265514907,2488.71889263653,14.640966085039508,1,1,0.0,0.0
343,2484.282813215992,2494.322163597702,10.039350381709937,1,1,0.0,2.086455980979281
344,2485.38393755193,2493.755938969775,8.372001417844785,1,1,0.0,0.4366665917395949
345,2492.3753997268614,2498.8741964184183,6.49879669155689,1,1,0.0,0.0
346,2496.431436981435,2509.803103216422,13.37166623498706,1,1,0.0,0.0
347,2507.9540356746393,2537.6319024233458,29.677866748706492,2,2,0.0,0.0
348,2510.9060975985726,2533.135346252915,22.229248654342427,1,1,0.0,0.0
349,2523.6433524956456,2545.385300817916,21.74194832227022,1,1,0.0,0.0
350,2527.393331404234,2546.778729496533,19.385398092299056,1,1,0.0,0.0
351,2533.6109232444087,2569.3472675218795,35.736344277470835,4,3,0.3477035059586342,0.2231113503371489
352,2550.4378831301874,2560.7433490412086,10.305465911021201,1,1,0.0,0.0
353,2555.7850635090294,2583.7282026545963,27.943139145566875,1,1,0.0,0.0
354,2568.5941693619084,2603.369727541947,34.77555818003884,2,1,0.0,0.0
355,2576.8251089526007,2588.143786655032,11.31867770243116,1,1,0.0,0.0
356,2578.9286263574777,2672.276108682161,93.34748232468337,5,1,28.138547220359214,0.0
357,2582.187184780911,2597.11520239732,14.928017616408852,1,1,4.562252797594283,0.0
358,2597.69307687789,2639.259259042821,41.56618216493143,2,1,0.0,0.0
359,2598.744145341405,2621.558961825282,22.814816483877166,1,1,0.0,0.0
360,2608.430387186263,2633.503133534856,25.072746348592773,1,1,7.379182559654055,0.0
361,2617.2503578653755,2625.184878865092,7.934520999716369,1,1,2.078053266363895,0.0
362,2619.2711317542685,2665.763029470087,46.491897715818595,1,1,4.728504167141182,0.0
363,2619.617414455271,2664.221249072197,44.60383461692618,2,1,27.65772618150595,3.051937665400601
364,2624.1748996204656,2681.8234334290382,57.648533808572665,2,2,20.40479701962795,0.0
365,2625.3498347023587,2677.69944796767,52.34961326531129,2,1,27.16258530930736,0.0
366,2625.6737693348555,2653.2162927209915,27.542523386136054,1,1,17.23431260844518,0.0
367,2626.749770180226,2662.118156308501,35.36838612827523,1,1,20.384777555340406,0.0
368,2638.4334391608513,2670.2091897163136,31.77575055546231,1,1,17.817436755085055,0.0
369,2638.807032169238,2689.884122765942,51.07709059670378,3,1,33.76231154289553,0.0
370,2649.2375792425264,2704.2767336023685,55.03915435984209,3,2,20.919592061212825,0.0
371,2656.3819342735706,2686.3572005169062,29.975266243335682,1,1,14.574072143247122,0.0
372,2687.813863850141,2704.9813426011465,17.167478751005547,1,1,0.0,0.0
373,2694.7988147011747,2718.1587455542044,23.35993085302971,1,1,0.0,0.0
374,2697.124710425651,2708.2593102780384,11.13459985238751,1,1,3.2056720077071077,1.5626878167886389
375,2700.9733215627152,2708.792557918741,7.819236356025613,1,1,0.0,0.0
376,2702.7204123362335,2716.1338438916355,13.413431555401985,1,1,0.0,0.0
377,2705.686164974549,2747.8419340870705,42.15576911252174,2,2,0.0,0.08622322320570674
378,2710.714594623138,2736.1040457811,25.389451157961958,1,1,0.4383431143960479,0.0
379,2713.6612725962786,2723.909147433723,10.247874837444215,1,1,0.8548921818278359,0.0
380,2714.8835174632222,2732.4109302681127,17.527412804890446,2,1,1.1641032052075388,0.0
381,2728.9234595431635,2754.1310456358506,25.207586092687052,2,1,1.0537365539817074,0.0
382,2729.301916044749,2796.0655845028127,66.76366845806388,1,1,3.223834468089535,7.310497597336962
383,2739.85475571221,2755.8930875193537,16.03833180714355,1,1,2.0237973369785323,0.0
384,2741.5018883577004,2753.15988202813,11.657993670429732,1,1,7.263417614633909,0.0
385,2746.1369930467076,2768.0054737437677,21.868480697060022,1,1,5.662134796370992,0.0
386,2746.2524348541674,2760.2672739985296,14.014839144362213,1,1,7.2970797161565315,0.0
387,2750.395624430733,2783.8154917473844,33.41986731665156,2,2,12.333902821686934,0.0
388,2752.59043959517,2776.1430689448316,23.5526293496614,1,1,7.466970144377228,0.0
389,2761.9770865359565,2783.231346877569,21.254260341612735,1,1,0.0,0.0
390,2769.198306949157,2794.332281133279,25.133974184122053,2,1,7.977928056649034,0.0
391,2779.627649207171,2797.395311407762,17.767662200591076,1,1,3.7839516754202123,0.0
392,2788.1944917567375,2807.315410205702,19.120918448964403,1,1,0.0,0.0
393,2791.458826624202,2809.8209273563657,18.362100732163526,1,1,0.0,0.0
394,2814.0803974118776,2824.5967722445716,10.516374832694055,1,1,0.0,0.0
395,2831.0200386366646,2846.684914096314,15.664875459649465,1,1,0.0,0.0
396,2839.672943660446,2866.7069320762803,27.0339884158343,2,1,0.0,0.0
397,2840.0019096528335,2862.1896397628275,22.187730109993936,1,1,0.0,0.0
398,2853.89203720807,2888.1209378752637,34.22890066719356,2,2,0.0,0.0
399,2853.9329166200996,2870.1767135948726,16.243796974772977,1,1,5.018123615594959,0.0
400,2856.4094208114716,2925.7264306799416,69.31700986847,5,3,6.915537886349284,0.0
401,2862.701074008733,2912.3552521525016,49.654178143768604,3,3,5.937521613217541,2.3471080716553843
402,2881.871851997185,2886.706983693372,4.835131696187091,1,1,0.0,0.0
403,2882.7687573801536,2925.675301601183,42.906544221029435,2,2,7.59484864227079,1.0067737402014245
404,2884.7678648060037,2900.9992126034917,16.23134779748807,1,1,7.512732506784687,1.0154369448355283
405,2892.0390968690413,2916.2710870437754,24.231990174734165,1,1,1.3318439268509792,0.0
406,2894.4870466095826,2907.9455815695546,13.458534959971985,1,1,0.0,0.22421608086915512
407,2909.8080856586444,2938.34396140166,28.535875743015822,2,1,2.499920491931789,0.0
408,2915.237062737918,2932.5959111925854,17.358848454667168,1,1,0.0,0.0
409,2922.7982180081926,2958.580188690447,35.78197068225427,4,1,0.0,0.0
410,2923.1262938612485,2939.1824541608385,16.05616029958992,1,1,5.0003670996648,0.0
411,2929.3064807397895,2952.149031931351,22.842551191561597,2,1,3.0957015039684848,0.0
412,2941.7557656758154,2950.764120988572,9.008355312756521,1,1,0.0,0.0
413,2947.7508775836504,2962.6241353139285,14.873257730278056,1,1,0.0,0.0
414,2952.0079568506517,2974.142483274918,22.13452642426637,2,1,0.0,0.0
415,2980.0386551698302,2990.640180996513,10.601525826682973,1,1,0.0,0.0
416,2985.3364758305274,3005.7932849442986,20.456809113771214,1,1,0.0,0.0
417,2987.070599782226,3005.681187176202,18.610587393975948,1,1,0.0,0.0
418,2990.25774602133,2996.8896210893145,6.631875067984311,1,1,0.0,0.0
419,2997.7818844929543,3009.218517716252,11.436633223297576,1,1,0.0,0.0
420,3003.710359632797,3019.923829850004,16.213470217207032,1,1,0.0,0.0
421,3009.2316076854304,3056.4924735545223,47.26086586909196,1,1,0.0,0.0
422,3020.67458272725,3031.7944738737237,11.119891146473947,1,1,0.0,0.0
423,3024.699811256758,3046.3365221113536,21.63671085459555,1,1,0.0,0.0
424,3052.0365500818248,3058.3090857758334,6.2725356940086385,1,1,0.0,0.0
425,3053.0118153397734,3064.4105654845916,11.398750144818223,2,1,0.0,0.0
426,3055.8470356062776,3067.209292163667,11.362256557389628,1,1,0.0,0.0
427,3062.1630528819746,3075.6024843173846,13.439431435409915,1,1,0.0,0.0
428,3067.7905808706087,3091.4767891387637,23.686208268155042,1,1,0.0,0.0
429,3069.24711624573,3085.7381074488453,16.4909912031153,1,1,0.0,0.0
430,3071.6872542704964,3085.812045241505,14.124790971008679,1,1,0.7741668262892745,0.0
431,3073.3967498425864,3117.4237706709187,44.0270208283323,4,2,11.756468856547144,3.428730537326828
432,3074.518105332822,3093.817588692048,19.299483359226087,1,1,5.9188612071234274,0.0
433,3079.013523850622,3110.2815223159505,31.267998465328674,2,1,6.952082752901788,0.0
434,3084.6553890406094,3093.1012767191514,8.445887678542022,1,1,1.6578473570434653,1.5143484640907445
435,3085.488709941857,3110.3817636917915,24.893053749934552,1,1,4.473730732815966,0.0
436,3092.551289431661,3116.380934945475,23.82964551381383,1,1,7.1477058459954605,0.0
437,3092.859507684682,3126.944875367314,34.085367682632295,1,1,7.321496645154184,2.7835207801440447
438,3106.5038266918796,3124.3967855742426,17.89295888236302,1,1,3.882463662303053,0.0
439,3116.0300831987483,3128.678871392002,12.648788193253495,1,1,0.0,0.0
440,3118.2756364188813,3129.9762381346677,11.700601715786433,2,1,0.0,1.586519440101256
441,3120.6517272498686,3179.2488925966923,58.59716534682366,3,2,12.857532557855848,1.2539491555871791
442,3129.1735917164297,3169.557382214649,40.38379049821924,2,1,8.144049941717185,0.0
443,3132.2279933613595,3198.7217969919175,66.49380363055798,2,2,9.71361274959736,0.0
444,3136.066368043342,3221.776809524398,85.71044148105557,2,1,22.662344418890825,0.0
445,3138.4637508346686,3158.9702138735543,20.506463038885613,1,1,13.23696888633458,0.0
446,3144.1633001128926,3220.2956982978303,76.13239818493776,4,1,45.28430712757972,0.4471677746246314
447,3148.313573205959,3169.6661524199385,21.352579213979425,1,1,7.526469271024325,0.0
448,3148.324216253169,3165.4955706269366,17.17135437376737,1,1,9.770407268163126,0.0
449,3151.8011184829293,3176.888407065656,25.087288582726615,1,1,12.352161214840635,0.0
450,3156.044658556117,3171.9024242024,15.857765646283042,1,1,10.195875324927783,1.8296956055919509
451,3163.217262210835,3192.72627254388,29.5090103330449,2,1,19.770049305313023,0.0
452,3173.1167588937387,3201.180682833914,28.0639239401753,1,1,0.7418782459594695,0.0
453,3177.1281033432815,3216.088636797605,38.96053345432347,1,1,21.24185542999794,0.0
454,3190.4374250826336,3209.5730947150855,19.135669632451936,1,1,8.349211746657147,0.0
455,3200.5557994508013,3225.242508176433,24.68670872563189,1,1,6.8840526342955854,4.166280526519586
456,3205.2544207628343,3248.4379683341695,43.18354757133511,2,2,9.218628249295307,4.288441936304935
457,3208.361119758517,3228.0956741023288,19.73455434381185,1,1,7.280349264463439,0.0
458,3219.8631737645665,3234.872519299229,15.00934553466277,1,1,0.0,0.0
459,3220.790050142401,3264.101924956633,43.31187481423194,3,1,11.20178619069111,0.0
460,3223.85768886687,3258.2817190859546,34.42403021908467,2,1,11.006367330050125,0.0
461,3227.7554442876512,3246.3323937676396,18.576949479988343,1,1,1.5640235486184793,0.0
462,3231.7129699512507,3267.6968996676624,35.983929716411694,1,1,11.634808276396598,3.4566573869656168
463,3240.844153375017,3250.9323126388795,10.088159263862508,1,1,5.127290324369369,0.0
464,3246.405795190759,3270.080198839225,23.67440364846607,1,1,3.8256974186460866,7.92844114277932
465,3248.2090212933203,3307.284901733365,59.075880440044784,2,2,5.819894238292363,10.423510487547901
466,3248.209838356793,3273.2474957858417,25.037657429048522,1,1,6.615223342195804,8.43555930757293
467,3250.245212722797,3283.383312671794,33.138099948997024,2,1,6.981230273026085,4.310184016285348
468,3253.029891849539,3314.6353487541865,61.605456904647326,5,3,5.573837320168423,0.0
469,3258.232907404103,3286.9048105048023,28.671903100699183,2,2,1.0284329559863181,17.148332498129548
470,3271.8037496821735,3286.9096075219595,15.10585783978604,1,1,0.0,0.028853179653197003
471,3279.307678428822,3300.867196209895,21.559517781073282,1,1,0.0,0.0
472,3304.2428702781854,3317.8939614226583,13.651091144472957,1,1,0.0,0.0
473,3307.7872463633507,3321.6812950720655,13.894048708714763,1,1,0.0,0.0
474,3311.8184404316644,3325.9811352572306,14.162694825566177,1,1,0.678943087445532,0.0
475,3316.9478328684813,3326.0931371503484,9.145304281867084,1,1,0.0,0.0
476,3338.507238588344,3348.038569312572,9.5313307242277,1,1,0.0,0.0
477,3340.7468456774595,3358.9915736954886,18.244728018029036,2,1,0.0,0.0
478,3346.600295075797,3357.2211397812193,10.620844705422314,1,1,0.0,0.0
479,3348.3240180133557,3362.1167591827966,13.792741169440887,1,1,0.0,0.0
480,3349.2453541539344,3380.9279520787077,31.68259792477329,1,1,5.68899247363106,0.0
481,3351.784353197645,3364.935537773684,13.151184576038759,1,1,4.4829515876326695,0.0
482,3356.089442959427,3367.718057511278,11.628614551851115,1,1,2.2269962665877756,0.0
483,3360.4429657154424,3372.198046635069,11.755080919626835,1,1,1.0104446953350816,0.0
484,3368.974301002075,3378.7881453553687,9.813844353293462,1,1,0.0,0.0
485,3378.235389140225,3457.5336381259754,79.29824898575043,6,2,0.0,0.0
486,3382.2254694486346,3396.6818987341935,14.456429285558897,1,1,0.0,0.0
487,3385.322179449465,3390.8141635292,5.491984079735175,1,1,0.0,0.0
488,3385.830437971349,3398.2739936689095,12.443555697560441,1,1,2.755446607441627,0.0
489,3392.70772222791,3402.019099997067,9.311377769156934,1,1,0.4683259866010303,0.0
490,3393.4697060756616,3399.8147329469316,6.345026871269965,1,1,1.560523219445713,0.0
491,3402.3753265297987,3416.123761062161,13.748434532362353,2,2,0.0,0.0
492,3408.9364055479923,3419.934787762166,10.998382214173489,1,1,0.0,0.0
493,3428.937094478761,3465.993123361946,37.05602888318481,1,1,0.0,0.0
494,3453.058452348514,3470.61915068715,17.56069833863603,1,1,0.0,0.0
495,3459.47761698781,3472.542457282642,13.06484029483181,1,1,0.0,0.0
496,3461.5128431660332,3471.0117443293657,9.498901163332448,1,1,0.0,0.28916233296240534
497,3466.791198644465,3489.779416396994,22.988217752528726,2,1,0.0,0.0
498,3469.409598066152,3488.382897333862,18.97329926770999,1,1,0.0,0.0
499,3473.9512121189346,3482.572311662198,8.621099543263426,1,1,0.0,0.0
500,3474.590413781665,3530.5047126016752,55.91429882001012,3,2,4.659099771008641,0.6607308894481321
501,3488.540085004185,3506.3323020454136,17.79221704122847,1,1,0.0,0.0
502,3502.122634273998,3517.795345997056,15.672711723058,1,1,0.0,0.0
503,3506.9556136916153,3513.5899704422222,6.634356750606912,1,1,0.0,0.0
504,3513.08980155364,3556.1709997983703,43.08119824473033,5,4,0.0,0.0
505,3522.8869391854546,3529.4929105091774,6.60597132372277,1,1,0.0,0.0
506,3537.0995115697756,3548.591338881022,11.491827311246197,1,1,0.0,0.0
507,3544.1796974864405,3557.2737686900155,13.094071203574913,1,1,0.0,0.0
508,3544.6878560889745,3549.437649032237,4.7497929432624915,1,1,0.0,0.0
509,3550.696772139558,3567.2005908620686,16.50381872251046,1,1,0.0,2.4574942185222426
510,3551.0055004312594,3563.376549621022,12.371049189762743,2,1,0.3920667946767935,0.0
511,3577.096006786385,3592.789609800405,15.693603014020027,1,1,0.0,0.0
512,3583.3460926273187,3602.014743340162,18.668650712843373,2,1,0.0,0.0
513,3588.139227320917,3600.4913695309174,12.352142210000238,1,1,0.0,0.0
514,3592.511857900735,3605.621056148837,13.109198248102075,1,1,0.0,0.0
515,3595.653214115183,3603.534468376533,7.881254261350023,1,1,0.0,2.3258448215206045
516,3602.6168219706296,3619.2363542346006,16.619532263970996,1,1,0.0,0.0
517,3606.3909374807536,3638.2178147568725,31.82687727611892,1,1,0.0,0.0
518,3607.7900829880896,3651.787472432773,43.99738944468345,1,1,0.0,2.6441980311687985
519,3617.62207139523,3642.5440769462543,24.92200555102454,2,2,0.0,0.0
520,3624.8690534188554,3688.844939941349,63.97588652249351,3,2,11.932297941409615,4.491177761338349
521,3633.7680823658266,3643.561614448422,9.793532082595448,1,1,0.0,0.0
522,3644.4303653646307,3681.191255554717,36.76089019008623,2,1,0.0,2.9446954899362936
523,3654.1313139336576,3662.4567047453675,8.325390811709894,1,1,0.0,0.0
524,3655.238817008446,3663.0395571968565,7.8007401884106,1,1,3.154421810182612,0.0
525,3658.5586046683757,3677.4488141669067,18.89020949853102,1,1,2.9575981355319527,0.0
526,3659.530486613935,3690.952590089894,31.42210347595892,1,1,3.7633265574586403,0.0
527,3662.9344631393506,3676.00131599974,13.066852860389645,1,1,5.639449398017405,0.0
528,3664.594462567322,3682.620691140953,18.026228573631215,1,1,8.462157942482008,0.0
529,3666.13836342245,3694.892179829478,28.753816407028353,1,1,14.879007369534975,1.2692563625646471
530,3673.7587012137515,3709.135916128498,35.37721491474667,3,2,7.398268878987892,2.4705592780906045
531,3705.6970838731763,3719.0772495546817,13.380165681505332,1,1,0.0,0.0
532,3720.6270641058863,3731.0812241358744,10.454160029988088,1,1,0.0,0.0
533,3721.47079811921,3752.592195326596,31.121397207386053,1,1,0.0,0.0
534,3725.8744088560957,3736.912310002523,11.03790114642743,1,1,0.0,0.0
535,3730.3845718014763,3762.058111932082,31.67354013060549,2,2,8.63866134236423,0.0
536,3730.510964478914,3790.095686775859,59.584722296945074,3,2,10.772076774457673,0.0
537,3734.2250853738897,3785.389859983308,51.164774609418146,5,1,11.793761157295648,0.0
538,3736.4200683922186,3756.8243065018473,20.40423810962875,1,1,7.296061773235124,0.6994268555704366
539,3740.844676500267,3765.0905426382337,24.245866137966914,1,1,9.27238705665468,0.0
540,3750.379868489311,3758.3559904480758,7.976121958764907,1,1,1.3949918836019606,0.4688209306746103
541,3753.4057214190325,3770.4578773753346,17.05215595630216,1,1,5.751983076040688,0.0
542,3754.785560503885,3776.094236496659,21.30867599277417,1,1,9.800232959354616,0.0
543,3760.120867640782,3782.9433283319186,22.822460691136712,1,1,8.951543308097826,0.0
544,3767.82009164328,3774.620403267152,6.8003116238719485,1,1,4.313455100140345,0.0
545,3782.332999790248,3807.3248877111578,24.991887920909903,1,1,0.0,0.0
546,3782.8633391351104,3797.0831404853593,14.219801350248872,1,1,0.0,0.0
547,3791.306211421948,3801.09632048804,9.7901090660921,1,1,0.0,0.0
548,3794.549047740523,3801.821575390651,7.272527650128268,1,1,0.0,0.0
549,3795.164277040461,3806.407334399411,11.243057358949955,1,1,2.492687987386944,0.0
550,3803.855256246796,3806.708708387097,2.85345214030076,1,1,0.0,0.8093615058701289
551,3807.177636749951,3818.3942361999384,11.21659944998737,1,1,0.0,0.0
552,3809.9563705998257,3829.155733911908,19.19936331208237,2,1,3.310899991860879,0.0
553,3811.1128426135488,3823.962396257997,12.849553644448406,1,1,0.0,0.0
554,3813.562472946481,3829.9293432663967,16.366870319915506,1,1,0.0,0.0
555,3817.840748294938,3907.13470448758,89.29395619264233,3,1,4.726475542842763,0.0
556,3818.913416959081,3844.430736457076,25.517319497994777,1,1,4.730283495690401,0.0
557,3819.176839950835,3831.6831906609227,12.506350710087645,1,1,4.480553846204657,0.0
558,3829.066654541815,3848.764957849019,19.69830330720424,1,1,0.5436057855654326,0.0
559,3834.1462702674935,3876.34299879419,42.19672852669646,2,1,22.510777210618016,0.0
560,3835.5911398326843,3864.589478040285,28.998338207600682,1,1,7.046802707974621,0.0
561,3841.6856935998103,3869.200524556968,27.514830957157756,1,1,6.930775448506665,0.0
562,3846.0085290999937,3910.577913132938,64.56938403294453,4,2,23.22318658485301,2.739052079058183
563,3858.7104062386015,3874.474991310407,15.764585071805413,1,1,9.244662694150065,0.0
564,3862.143163215173,3878.675035081427,16.531871866253823,1,1,6.245745464778338,0.5087791191713222
565,3871.1674290881024,3888.5995444794808,17.432115391378375,3,1,2.5697133128460337,0.0
566,3872.426197058368,3882.70581275291,10.279615694541917,1,1,3.408022616650669,0.0
567,3880.3322964785607,3896.281795462437,15.94949898387631,1,1,0.0,0.0
568,3882.358432568117,3896.0625028585614,13.704070290444179,2,1,5.181138824355003,0.0
569,3891.3689548223565,3910.9426665112164,19.57371168885993,1,1,0.772678686524614,0.0
570,3893.5896932022224,3915.9627503985766,22.37305719635424,1,1,7.124903716282915,0.0
571,3901.283378265535,3922.7800535346905,21.49667526915573,2,1,1.3219638495611434,0.0
572,3918.053373460104,3942.347725217324,24.29435175721983,1,1,0.0,0.0
573,3919.234837693073,3959.728055249643,40.493217556570016,3,1,0.0,0.0
574,3920.515621645605,3924.542501160075,4.026879514470238,1,1,0.0,0.0
575,3937.380670613916,3946.2855872525274,8.904916638611212,1,1,0.0,0.0
576,3947.1814049313803,3954.7067710383326,7.525366106952333,1,1,0.0,0.0
577,3958.332800640983,3979.4245052594447,21.09170461846179,1,1,0.0,0.0
578,3962.333112236988,3970.5389130906137,8.205800853625533,1,1,0.0,0.0
579,3964.0476449749676,3985.326572370142,21.278927395174378,2,1,0.0,0.09392665294444669
580,3964.2379285409897,3979.2535704753286,15.015641934338873,1,1,3.444443865256744,0.0
581,3967.4063776967287,3989.798588206158,22.392210509429333,1,1,1.2579497332526444,3.3372805326389425
582,3988.734698329222,3993.7554280481945,5.020729718972689,1,1,0.0,0.0
583,3992.8077234594934,4007.1533155674847,14.345592107991251,1,1,0.0,0.0
584,3994.701186759815,4018.5111527596305,23.80996599981563,2,2,0.0,0.0
585,3994.9966123055196,4012.6919131386385,17.695300833118836,1,1,0.0,0.0
586,4003.098968325455,4028.0055835698167,24.906615244361547,1,1,0.0,0.0
587,4006.3855230374934,4036.962950935692,30.577427898198493,3,1,4.619933604882135,0.0
588,4019.4888834147923,4037.0263745106095,17.53749109581713,1,1,0.0,0.6918018723704336
589,4029.7273658704516,4051.1769502202433,21.44958434979162,1,1,0.0,0.0
590,4030.1134084560317,4063.035430590099,32.92202213406745,1,1,0.0,0.0
591,4033.1926166617636,4049.7875149537854,16.594898292021753,2,1,0.0,0.0
592,4038.090496740335,4071.310841146132,33.22034440579728,2,2,7.513212370227393,1.5674484968394609
593,4039.919268834055,4075.450311173904,35.53104233984914,1,1,9.264917694591077,2.962493309970341
594,4052.174515824468,4066.371326059906,14.196810235438079,1,1,0.0,3.646558522065334
595,4059.1853466422504,4094.604879694581,35.419533052330735,1,1,0.0,1.4544341231048747
596,4074.5968755568065,4093.3599588496677,18.76308329286121,1,1,0.0,0.0
597,4077.2332187191964,4091.813241021883,14.580022302686757,1,1,0.0,0.0
598,4084.0341225586308,4116.434679413213,32.400556854582646,2,2,1.7673071670142235,0.0
599,4089.6818311471884,4136.239872164752,46.55804101756394,3,1,3.096760576628185,0.0
600,4090.7527310367727,4129.264101714126,38.51137067735317,3,1,8.456819480687045,0.0
601,4095.6943245529937,4111.22995653432,15.535631981326333,2,1,4.080847237225498,0.0
602,4096.245331412561,4117.833250412428,21.587918999866815,1,1,0.3065204121867282,0.0
603,4115.378844703879,4140.06871136695,24.68986666307137,2,1,8.512624095788851,1.3230700826279644
604,4118.4686445757,4126.750573551444,8.28192897574445,1,1,1.6357800560845135,0.0
605,4119.1373123931135,4133.825147435844,14.687835042730512,1,1,4.924542297305379,0.0
606,4137.634577700381,4149.649154264347,12.01457656396633,1,1,0.0,0.0
607,4142.603226625493,4157.351361008198,14.748134382704848,1,1,0.0,0.0
608,4163.11827419256,4195.516615957479,32.39834176491877,2,2,0.0,0.0
609,4165.656118970672,4173.483348686899,7.827229716227521,1,1,0.0,0.0
610,4173.682232278389,4186.120613877812,12.438381599422428,1,1,0.0,0.0
611,4176.876465346963,4193.911909969967,17.03544462300397,2,2,0.0,3.0927802225623964
612,4177.080588441382,4188.504267606477,11.423679165094654,1,1,0.6908438425643908,0.0
613,4195.103796021515,4201.031175879445,5.927379857929736,1,1,0.0,0.0
614,4195.371836041613,4208.963832269616,13.591996228003154,1,1,0.0,0.0
615,4203.015900267137,4210.846477113926,7.830576846788972,1,1,0.0,0.0
616,4204.059912831289,4219.395359622252,15.335446790963033,1,1,0.0,0.0
617,4206.664027635655,4219.002876410705,12.338848775049883,1,1,0.5536475067838182,0.0
618,4213.405651001288,4224.006759733695,10.601108732406828,2,1,0.0,0.0
619,4223.973674529256,4234.023175868035,10.04950133877901,1,1,0.0,0.0
620,4232.64173015724,4238.646153415858,6.004423258617862,1,1,0.0,0.0
621,4242.220689727973,4273.372494629772,31.15180490179864,2,2,0.0,0.0
622,4243.646882784041,4266.882737360751,23.235854576710153,1,1,0.0,0.0
623,4248.899063608886,4267.21723983017,18.318176221284375,1,1,0.0,0.8958704243304965
624,4255.017469520739,4351.460677345522,96.4432078247828,4,3,0.9079210900572434,0.6570986409615216
625,4259.645885928839,4286.620829048476,26.97494311963692,3,1,5.586878746912589,0.0
626,4269.85045934577,4277.846849698433,7.996390352663184,1,1,0.0,0.0
627,4274.945860859382,4296.440728425535,21.494867566152607,1,1,0.0,0.0
628,4283.180368878638,4361.639989132488,78.45962025385052,1,1,0.0,3.1486553472832384
629,4285.649945980232,4303.904510269381,18.25456428914913,1,1,0.0,0.0
630,4296.358143891596,4332.936770305511,36.57862641391512,2,1,3.362298366578216,0.0
631,4305.797219664512,4342.011620588083,36.21440092357079,2,1,21.44341651952709,0.0
632,4313.191913168876,4346.998732861346,33.80681969246962,1,1,22.04545795960621,0.0
633,4330.72654727046,4366.09359453983,35.36704726936932,2,2,11.33910500617003,0.0
634,4338.900916075133,4354.570473953099,15.669557877966326,1,1,6.549513590517563,3.25973266564597
635,4364.860275271798,4375.821333183494,10.961057911696116,1,1,0.0,0.0
636,4374.259020249789,4387.712940309914,13.45392006012571,1,1,0.0,0.0
637,4379.327457250799,4391.566928853957,12.239471603157654,2,1,0.0,0.0
638,4383.141762887654,4394.285241803063,11.143478915409105,1,1,0.0,0.0
639,4384.086754726967,4395.83139144033,11.744636713362524,1,1,0.0,0.0
640,4394.720309826597,4416.038078939768,21.31776911317047,1,1,0.0,0.0
641,4395.112310455339,4408.350672476535,13.238362021195826,1,1,0.0,0.0
642,4405.404668859672,4423.288241118959,17.883572259287575,1,1,0.0,0.0
643,4410.794157047593,4422.276186174165,11.482029126571433,1,1,0.0,2.7215286146292783
644,4426.54323932505,4440.136078154809,13.592838829758875,1,1,0.0,0.0
645,4431.371357418292,4438.951355708056,7.579998289764262,1,1,0.0,0.0
646,4449.983737433787,4482.184970958297,32.20123352450992,1,1,0.0,0.0
647,4455.80211949755,4491.92810918833,36.12598969078044,2,2,2.0809624839794196,0.8922223254148776
648,4457.771785595455,4475.68410441243,17.91231881697513,1,1,0.0,0.0
649,4459.23413578456,4481.636697213716,22.402561429155867,1,1,3.7763132206800947,0.6678178447946266
650,4461.749338362315,4477.897492203586,16.14815384127087,1,1,9.898347175407253,0.0
651,4466.972854264086,4496.812406106812,29.839551842725996,1,1,7.756402559692106,0.0
652,4494.233688212707,4519.640482961478,25.406794748770153,2,2,0.0,0.0
653,4497.3326522387215,4513.312220019815,15.979567781093465,2,1,0.0,0.0
654,4527.920621257278,4535.692069755869,7.771448498590871,1,1,0.0,0.0
655,4528.981118025746,4538.517883389623,9.536765363877748,1,1,0.0,0.0
656,4531.858168657895,4545.715588277509,13.85741961961412,1,1,0.0,0.7669893424399561
657,4533.892816382692,4538.698206078592,4.805389695899976,1,1,0.0,0.3210179342850097
658,4534.308588381628,4567.911988130111,33.60339974848284,1,1,0.0,0.0
659,4544.43597533621,4589.3084631315505,44.87248779534093,2,1,5.588060541261257,0.0
660,4550.191794588626,4557.9493381405455,7.757543551919298,1,1,0.0,0.0
661,4550.496200724738,4595.427625964308,44.93142523957067,2,1,3.4678339758329457,0.0
662,4551.63935469225,4566.1784704011525,14.5391157089025,1,1,2.8883680311719218,0.0
663,4556.162915378553,4617.750025647852,61.587110269299046,3,3,31.434838108951226,0.44365537232351926
664,4559.250973788634,4634.021532807712,74.77055901907806,4,3,36.89210266788632,5.49759116547466
665,4561.56552478945,4582.092408328236,20.526883538786024,1,1,5.710271895092774,0.0
666,4576.484865335126,4638.357099228336,61.87223389320934,3,2,30.23816964218713,0.16109412385048927
667,4578.328508682132,4608.197804685367,29.869296003234922,1,1,12.071911888981049,0.0
668,4580.155788213205,4620.737206121143,40.581417907937976,1,1,13.305831702924479,1.4396973585971864
669,4584.1118627997175,4624.844815899631,40.732953099913175,1,1,12.56136349924327,2.3629781567178725
670,4590.461039713751,4611.756508146501,21.295468432749658,1,1,11.134522735183054,0.0
671,4615.011095769181,4643.0585654108045,28.047469641623138,3,1,5.962907469822312,0.0
672,4615.974128579939,4634.136864830385,18.16273625044596,2,1,1.3385018244489402,0.0
673,4617.653783326348,4632.413152873345,14.759369546996822,1,1,2.438051913826712,0.0
674,4628.782899531124,4639.8784528008255,11.095553269701668,1,1,2.193429339069553,0.0
675,4638.409000875136,4647.834466828228,9.425465953091589,1,1,0.0,0.0
676,4641.607566258611,4654.87786513164,13.270298873028878,1,1,0.0,0.0
677,4648.418011571145,4658.0169792191045,9.598967647959398,1,1,0.0,0.0
678,4655.892643967262,4667.609944773675,11.717300806412823,1,1,0.0,0.0
679,4665.763057236813,4693.174881621344,27.41182438453052,2,1,0.0,0.0
680,4675.412514958071,4702.241898864708,26.829383906636394,1,1,0.0,0.0
681,4679.095575194264,4694.287663960057,15.192088765793414,1,1,0.0,0.0
682,4681.829851375308,4689.032598873423,7.202747498115059,1,1,0.4514656531800938,0.0
683,4686.449858520635,4708.2130467878615,21.763188267226724,3,1,0.13012395648456732,0.0
684,4700.15930282474,4719.559663108267,19.400360283527334,1,1,0.0,0.0
685,4702.830546004777,4715.62952547093,12.798979466153469,1,1,0.0,0.0
686,4715.397530434492,4719.600040160513,4.202509726021162,1,1,0.0,0.0
687,4727.0313886509375,4735.454814237531,8.423425586593112,1,1,0.0,0.0
688,4727.691028045601,4737.590657072727,9.89962902712523,1,1,0.0,0.0
689,4732.248639133307,4747.461171168408,15.212532035101503,2,1,0.0,0.0
690,4741.427501424098,4757.641109949865,16.213608525766176,1,1,0.0,0.0
691,4755.399286293822,4767.970832458567,12.571546164745087,1,1,0.0,0.0
692,4772.661265517667,4799.24437054722,26.583105029552826,2,1,0.0,0.0
693,4774.155872787707,4790.31964783044,16.163775042732595,2,2,0.0,0.0
694,4777.721401095088,4785.882161197599,8.160760102510721,1,1,0.0,0.0
695,4791.976048698664,4828.789907774862,36.81385907619733,2,2,0.0,0.0
696,4794.357637175759,4860.885758008135,66.52812083237586,4,1,3.4570755969998572,4.644528577498022
697,4805.695418733281,4826.706430853905,21.01101212062349,1,1,0.0,0.0
698,4820.75153294463,4839.447857766567,18.696324821937196,2,1,0.0,0.0
699,4826.332814736383,4858.086627520505,31.7538127841226,1,1,0.0,3.2288771380317485
700,4830.321228264455,4837.631889068933,7.310660804477266,1,1,0.0,0.0
701,4831.318751667543,4847.129887105387,15.811135437843404,1,1,4.2862307558034445,0.0
702,4832.2503464896945,4846.9201653411255,14.669818851431046,1,1,3.8199269503102187,0.0
703,4834.8091203236145,4886.763815481794,51.954695158179675,3,3,5.992216167843253,2.1589227791801022
704,4839.936913553777,4869.374157831839,29.43724427806137,2,2,5.860470019773857,6.058696100091765
705,4845.020674338213,4862.076937227827,17.056262889614118,2,1,1.375715130289791,1.1371315885317017
706,4849.311335260472,4860.274291433436,10.962956172963459,1,1,0.0,3.8631862375514174
707,4852.762565120189,4868.061188100824,15.298622980635628,1,1,0.08516103247529827,0.12210038746434293
708,4855.036445813582,4889.706239547619,34.66979373403683,2,1,4.100714031322241,0.0
709,4857.672989780814,4871.559636494638,13.88664671382412,1,1,3.626141077695138,0.0
710,4872.5008587940965,4883.106769210039,10.605910415942162,1,1,0.0,0.0
711,4883.503356737576,4912.6478375802235,29.14448084264768,1,1,0.0,0.0
712,4883.721723550868,4890.729989452236,7.008265901367849,1,1,0.0,0.0
713,4890.053836040657,4903.067741814946,13.013905774289015,1,1,0.0,0.0
714,4891.927821287175,4903.574692887927,11.646871600752092,1,1,0.0,0.0
715,4896.959407650454,4915.13969353818,18.180285887726313,1,1,0.0,0.7564290577302017
716,4907.817160689506,4916.3315869570115,8.514426267505769,1,1,0.0,0.6132038742525765
717,4912.087821313937,4918.377259864949,6.2894385510126085,1,1,0.0,0.6748384325646839
718,4912.232777216397,4916.670047573919,4.437270357521811,1,1,0.0,0.0
719,4918.262233648015,4933.944588109501,15.682354461485374,1,1,0.0,0.0
720,4936.934361994591,4957.46603117605,20.53166918145871,1,1,0.0,0.0
721,4942.9521266812935,4950.441695906693,7.489569225399464,1,1,0.0,0.0
722,,,,0,0,4.2343257913717025,0.0
723,4966.566835381362,4981.282555442784,14.715720061421962,1,1,0.0,0.0
724,4967.123234410448,4978.64797044973,11.524736039281379,1,1,0.0,0.0
725,,,,0,0,4.4082106067216955,0.0
726,4973.290874350787,4989.402885069067,16.112010718280544,1,1,4.622358437391085,0.0
727,4977.059285304592,4995.9093347004455,18.850049395853603,1,1,3.8216836299052375,0.0
