Distribuzione,FitType,Parametri,KS_pvalue,AIC,BIC,MAE_KDE_PDF,PDF
Esponenziale,floc=0,"(0.0, 1187.568300819904)",1.3914420716137144e-41,12705.230315754958,12714.564229339816,3.3452134821918174e-05,"[8.41892975e-04 8.34855193e-04 8.27876243e-04 8.20955634e-04
 8.14092876e-04 8.07287489e-04 8.00538990e-04 7.93846905e-04
 7.87210763e-04 7.80630095e-04 7.74104439e-04 7.67633333e-04
 7.61216322e-04 7.54852954e-04 7.48542781e-04 7.42285357e-04
 7.36080242e-04 7.29926999e-04 7.23825193e-04 7.17774396e-04
 7.11774180e-04 7.05824122e-04 6.99923804e-04 6.94072809e-04
 6.88270726e-04 6.82517145e-04 6.76811661e-04 6.71153872e-04
 6.65543378e-04 6.59979786e-04 6.54462702e-04 6.48991739e-04
 6.43566509e-04 6.38186632e-04 6.32851728e-04 6.27561420e-04
 6.22315337e-04 6.17113108e-04 6.11954368e-04 6.06838751e-04
 6.01765899e-04 5.96735452e-04 5.91747058e-04 5.86800364e-04
 5.81895022e-04 5.77030686e-04 5.72207013e-04 5.67423663e-04
 5.62680300e-04 5.57976589e-04 5.53312198e-04 5.48686800e-04
 5.44100067e-04 5.39551677e-04 5.35041309e-04 5.30568645e-04
 5.26133370e-04 5.21735172e-04 5.17373741e-04 5.13048769e-04
 5.08759951e-04 5.04506985e-04 5.00289573e-04 4.96107415e-04
 4.91960218e-04 4.87847690e-04 4.83769540e-04 4.79725481e-04
 4.75715228e-04 4.71738500e-04 4.67795014e-04 4.63884494e-04
 4.60006664e-04 4.56161250e-04 4.52347982e-04 4.48566591e-04
 4.44816810e-04 4.41098376e-04 4.37411026e-04 4.33754500e-04
 4.30128540e-04 4.26532892e-04 4.22967302e-04 4.19431518e-04
 4.15925291e-04 4.12448374e-04 4.09000523e-04 4.05581494e-04
 4.02191046e-04 3.98828941e-04 3.95494941e-04 3.92188811e-04
 3.88910319e-04 3.85659233e-04 3.82435325e-04 3.79238367e-04
 3.76068134e-04 3.72924402e-04 3.69806951e-04 3.66715559e-04
 3.63650010e-04 3.60610087e-04 3.57595577e-04 3.54606266e-04
 3.51641944e-04 3.48702403e-04 3.45787434e-04 3.42896833e-04
 3.40030396e-04 3.37187921e-04 3.34369207e-04 3.31574057e-04
 3.28802272e-04 3.26053658e-04 3.23328021e-04 3.20625169e-04
 3.17944912e-04 3.15287059e-04 3.12651426e-04 3.10037824e-04
 3.07446071e-04 3.04875984e-04 3.02327381e-04 2.99800083e-04
 2.97293912e-04 2.94808692e-04 2.92344246e-04 2.89900402e-04
 2.87476987e-04 2.85073831e-04 2.82690764e-04 2.80327618e-04
 2.77984227e-04 2.75660425e-04 2.73356049e-04 2.71070936e-04
 2.68804926e-04 2.66557858e-04 2.64329574e-04 2.62119918e-04
 2.59928734e-04 2.57755866e-04 2.55601163e-04 2.53464472e-04
 2.51345642e-04 2.49244525e-04 2.47160972e-04 2.45094836e-04
 2.43045972e-04 2.41014236e-04 2.38999484e-04 2.37001574e-04
 2.35020366e-04 2.33055719e-04 2.31107496e-04 2.29175559e-04
 2.27259772e-04 2.25360000e-04 2.23476109e-04 2.21607966e-04
 2.19755440e-04 2.17918400e-04 2.16096717e-04 2.14290262e-04
 2.12498908e-04 2.10722529e-04 2.08961000e-04 2.07214196e-04
 2.05481994e-04 2.03764273e-04 2.02060911e-04 2.00371788e-04
 1.98696785e-04 1.97035785e-04 1.95388669e-04 1.93755323e-04
 1.92135630e-04 1.90529478e-04 1.88936752e-04 1.87357340e-04
 1.85791131e-04 1.84238015e-04 1.82697882e-04 1.81170624e-04
 1.79656133e-04 1.78154302e-04 1.76665026e-04 1.75188199e-04
 1.73723718e-04 1.72271479e-04 1.70831380e-04 1.69403320e-04
 1.67987197e-04 1.66582913e-04 1.65190367e-04 1.63809463e-04
 1.62440102e-04 1.61082188e-04 1.59735626e-04 1.58400320e-04
 1.57076177e-04 1.55763103e-04 1.54461005e-04 1.53169792e-04
 1.51889373e-04 1.50619658e-04 1.49360557e-04 1.48111982e-04
 1.46873843e-04 1.45646055e-04 1.44428531e-04 1.43221184e-04
 1.42023931e-04 1.40836685e-04 1.39659365e-04 1.38491886e-04
 1.37334167e-04 1.36186125e-04 1.35047681e-04 1.33918754e-04
 1.32799263e-04 1.31689131e-04 1.30588279e-04 1.29496630e-04
 1.28414107e-04 1.27340632e-04 1.26276132e-04 1.25220530e-04
 1.24173752e-04 1.23135725e-04 1.22106375e-04 1.21085630e-04
 1.20073418e-04 1.19069667e-04 1.18074307e-04 1.17087268e-04
 1.16108480e-04 1.15137874e-04 1.14175382e-04 1.13220936e-04
 1.12274469e-04 1.11335913e-04 1.10405204e-04 1.09482274e-04
 1.08567060e-04 1.07659497e-04 1.06759520e-04 1.05867067e-04
 1.04982074e-04 1.04104479e-04 1.03234220e-04 1.02371236e-04
 1.01515467e-04 1.00666851e-04 9.98253289e-05 9.89908417e-05
 9.81633304e-05 9.73427366e-05 9.65290025e-05 9.57220709e-05
 9.49218847e-05 9.41283878e-05 9.33415240e-05 9.25612380e-05
 9.17874747e-05 9.10201797e-05 9.02592989e-05 8.95047787e-05
 8.87565659e-05 8.80146077e-05 8.72788519e-05 8.65492466e-05
 8.58257405e-05 8.51082825e-05 8.43968220e-05 8.36913090e-05
 8.29916937e-05 8.22979268e-05 8.16099595e-05 8.09277432e-05
 8.02512298e-05 7.95803718e-05 7.89151217e-05 7.82554329e-05
 7.76012586e-05 7.69525530e-05 7.63092701e-05 7.56713648e-05
 7.50387920e-05 7.44115072e-05 7.37894661e-05 7.31726250e-05
 7.25609404e-05 7.19543691e-05 7.13528685e-05 7.07563961e-05
 7.01649098e-05 6.95783681e-05 6.89967296e-05 6.84199532e-05
 6.78479984e-05 6.72808249e-05 6.67183926e-05 6.61606619e-05
 6.56075936e-05 6.50591487e-05 6.45152884e-05 6.39759746e-05
 6.34411691e-05 6.29108343e-05 6.23849328e-05 6.18634276e-05
 6.13462819e-05 6.08334593e-05 6.03249236e-05 5.98206390e-05
 5.93205699e-05 5.88246812e-05 5.83329378e-05 5.78453052e-05
 5.73617489e-05 5.68822348e-05 5.64067293e-05 5.59351987e-05
 5.54676099e-05 5.50039299e-05 5.45441260e-05 5.40881658e-05
 5.36360172e-05 5.31876483e-05 5.27430276e-05 5.23021236e-05
 5.18649054e-05 5.14313421e-05 5.10014031e-05 5.05750582e-05
 5.01522774e-05 4.97330307e-05 4.93172888e-05 4.89050222e-05
 4.84962019e-05 4.80907992e-05 4.76887854e-05 4.72901323e-05
 4.68948117e-05 4.65027957e-05 4.61140568e-05 4.57285676e-05
 4.53463008e-05 4.49672296e-05 4.45913272e-05 4.42185672e-05
 4.38489233e-05 4.34823693e-05 4.31188796e-05 4.27584285e-05
 4.24009905e-05 4.20465406e-05 4.16950536e-05 4.13465049e-05
 4.10008699e-05 4.06581242e-05 4.03182437e-05 3.99812044e-05
 3.96469826e-05 3.93155546e-05 3.89868973e-05 3.86609874e-05
 3.83378019e-05 3.80173180e-05 3.76995132e-05 3.73843651e-05
 3.70718515e-05 3.67619504e-05 3.64546398e-05 3.61498982e-05
 3.58477041e-05 3.55480361e-05 3.52508733e-05 3.49561945e-05
 3.46639791e-05 3.43742065e-05 3.40868562e-05 3.38019081e-05
 3.35193419e-05 3.32391378e-05 3.29612761e-05 3.26857372e-05
 3.24125017e-05 3.21415502e-05 3.18728638e-05 3.16064234e-05
 3.13422103e-05 3.10802060e-05 3.08203918e-05 3.05627495e-05
 3.03072610e-05 3.00539083e-05 2.98026734e-05 2.95535388e-05
 2.93064867e-05 2.90614999e-05 2.88185611e-05 2.85776531e-05
 2.83387589e-05 2.81018618e-05 2.78669451e-05 2.76339921e-05
 2.74029864e-05 2.71739119e-05 2.69467523e-05 2.67214916e-05
 2.64981140e-05 2.62766037e-05 2.60569451e-05 2.58391228e-05
 2.56231213e-05 2.54089255e-05 2.51965203e-05 2.49858906e-05
 2.47770217e-05 2.45698989e-05 2.43645075e-05 2.41608330e-05
 2.39588611e-05 2.37585777e-05 2.35599685e-05 2.33630195e-05
 2.31677170e-05 2.29740471e-05 2.27819961e-05 2.25915506e-05
 2.24026972e-05 2.22154224e-05 2.20297132e-05 2.18455564e-05
 2.16629390e-05 2.14818482e-05 2.13022713e-05 2.11241955e-05
 2.09476084e-05 2.07724974e-05 2.05988502e-05 2.04266547e-05
 2.02558986e-05 2.00865699e-05 1.99186568e-05 1.97521473e-05
 1.95870297e-05 1.94232925e-05 1.92609240e-05 1.90999128e-05
 1.89402476e-05 1.87819171e-05 1.86249101e-05 1.84692157e-05
 1.83148228e-05 1.81617205e-05 1.80098981e-05 1.78593448e-05
 1.77100501e-05 1.75620034e-05 1.74151943e-05 1.72696124e-05
 1.71252475e-05 1.69820895e-05 1.68401282e-05 1.66993535e-05
 1.65597557e-05 1.64213249e-05 1.62840513e-05 1.61479252e-05
 1.60129370e-05 1.58790773e-05 1.57463366e-05 1.56147055e-05
 1.54841747e-05 1.53547352e-05 1.52263777e-05 1.50990932e-05
 1.49728727e-05 1.48477074e-05 1.47235884e-05 1.46005069e-05
 1.44784544e-05 1.43574221e-05 1.42374016e-05 1.41183844e-05
 1.40003622e-05 1.38833265e-05 1.37672692e-05 1.36521821e-05
 1.35380570e-05 1.34248860e-05 1.33126610e-05 1.32013742e-05
 1.30910176e-05 1.29815836e-05 1.28730644e-05 1.27654524e-05
 1.26587399e-05 1.25529195e-05 1.24479837e-05 1.23439251e-05
 1.22407364e-05 1.21384103e-05 1.20369395e-05 1.19363171e-05
 1.18365357e-05 1.17375885e-05 1.16394685e-05 1.15421686e-05
 1.14456822e-05 1.13500023e-05 1.12551223e-05 1.11610354e-05
 1.10677350e-05 1.09752145e-05 1.08834675e-05 1.07924875e-05
 1.07022679e-05 1.06128026e-05 1.05240852e-05 1.04361094e-05
 1.03488690e-05 1.02623579e-05 1.01765700e-05 1.00914992e-05
 1.00071396e-05 9.92348516e-06 9.84053005e-06 9.75826839e-06
 9.67669441e-06 9.59580233e-06 9.51558648e-06 9.43604118e-06
 9.35716084e-06 9.27893990e-06 9.20137285e-06 9.12445422e-06
 9.04817858e-06 8.97254057e-06 8.89753485e-06 8.82315615e-06
 8.74939920e-06 8.67625883e-06 8.60372987e-06 8.53180722e-06
 8.46048580e-06 8.38976059e-06 8.31962661e-06 8.25007891e-06
 8.18111259e-06 8.11272280e-06 8.04490471e-06 7.97765354e-06
 7.91096455e-06 7.84483305e-06 7.77925438e-06 7.71422390e-06
 7.64973705e-06 7.58578928e-06 7.52237607e-06 7.45949297e-06
 7.39713553e-06 7.33529937e-06 7.27398013e-06 7.21317348e-06
 7.15287515e-06 7.09308088e-06 7.03378645e-06 6.97498770e-06
 6.91668047e-06 6.85886067e-06 6.80152420e-06 6.74466704e-06
 6.68828517e-06 6.63237463e-06 6.57693147e-06 6.52195178e-06
 6.46743170e-06 6.41336737e-06 6.35975500e-06 6.30659079e-06
 6.25387101e-06 6.20159194e-06 6.14974990e-06 6.09834122e-06
 6.04736230e-06 5.99680954e-06 5.94667936e-06 5.89696825e-06
 5.84767270e-06 5.79878924e-06 5.75031441e-06 5.70224481e-06
 5.65457704e-06 5.60730776e-06 5.56043361e-06 5.51395132e-06
 5.46785758e-06 5.42214917e-06 5.37682286e-06 5.33187545e-06
 5.28730378e-06 5.24310470e-06 5.19927510e-06 5.15581190e-06
 5.11271203e-06 5.06997245e-06 5.02759014e-06 4.98556214e-06
 4.94388546e-06 4.90255718e-06 4.86157438e-06 4.82093418e-06
 4.78063371e-06 4.74067013e-06 4.70104062e-06 4.66174239e-06
 4.62277268e-06 4.58412873e-06 4.54580783e-06 4.50780727e-06
 4.47012437e-06 4.43275649e-06 4.39570097e-06 4.35895523e-06
 4.32251666e-06 4.28638269e-06 4.25055079e-06 4.21501842e-06
 4.17978309e-06 4.14484230e-06 4.11019360e-06 4.07583454e-06
 4.04176271e-06 4.00797570e-06 3.97447114e-06 3.94124665e-06
 3.90829990e-06 3.87562857e-06 3.84323036e-06 3.81110297e-06
 3.77924416e-06 3.74765167e-06 3.71632327e-06 3.68525676e-06
 3.65444996e-06 3.62390068e-06 3.59360678e-06 3.56356611e-06
 3.53377658e-06 3.50423607e-06 3.47494250e-06 3.44589381e-06
 3.41708795e-06 3.38852289e-06 3.36019662e-06 3.33210715e-06
 3.30425248e-06 3.27663067e-06 3.24923977e-06 3.22207783e-06
 3.19514296e-06 3.16843324e-06 3.14194681e-06 3.11568179e-06
 3.08963633e-06 3.06380859e-06 3.03819677e-06 3.01279904e-06
 2.98761363e-06 2.96263875e-06 2.93787265e-06 2.91331358e-06
 2.88895981e-06 2.86480963e-06 2.84086133e-06 2.81711322e-06
 2.79356364e-06 2.77021091e-06 2.74705341e-06 2.72408949e-06
 2.70131753e-06 2.67873594e-06 2.65634312e-06 2.63413749e-06
 2.61211749e-06 2.59028156e-06 2.56862817e-06 2.54715579e-06
 2.52586291e-06 2.50474802e-06 2.48380965e-06 2.46304630e-06
 2.44245653e-06 2.42203888e-06 2.40179191e-06 2.38171420e-06
 2.36180432e-06 2.34206088e-06 2.32248248e-06 2.30306775e-06
 2.28381532e-06 2.26472382e-06 2.24579192e-06 2.22701828e-06
 2.20840158e-06 2.18994051e-06 2.17163376e-06 2.15348004e-06
 2.13547808e-06 2.11762661e-06 2.09992437e-06 2.08237010e-06
 2.06496259e-06 2.04770059e-06 2.03058289e-06 2.01360828e-06
 1.99677558e-06 1.98008358e-06 1.96353113e-06 1.94711704e-06
 1.93084017e-06 1.91469936e-06 1.89869348e-06 1.88282140e-06
 1.86708201e-06 1.85147418e-06 1.83599683e-06 1.82064887e-06
 1.80542920e-06 1.79033676e-06 1.77537049e-06 1.76052933e-06
 1.74581223e-06 1.73121816e-06 1.71674608e-06 1.70239499e-06
 1.68816386e-06 1.67405170e-06 1.66005751e-06 1.64618030e-06
 1.63241910e-06 1.61877294e-06 1.60524085e-06 1.59182188e-06
 1.57851509e-06 1.56531953e-06 1.55223428e-06 1.53925842e-06
 1.52639103e-06 1.51363121e-06 1.50097805e-06 1.48843066e-06
 1.47598816e-06 1.46364968e-06 1.45141434e-06 1.43928128e-06
 1.42724964e-06 1.41531859e-06 1.40348727e-06 1.39175485e-06
 1.38012052e-06 1.36858344e-06 1.35714280e-06 1.34579780e-06
 1.33454764e-06 1.32339152e-06 1.31232867e-06 1.30135829e-06
 1.29047962e-06 1.27969189e-06 1.26899434e-06 1.25838621e-06
 1.24786677e-06 1.23743526e-06 1.22709095e-06 1.21683311e-06
 1.20666103e-06 1.19657398e-06 1.18657125e-06 1.17665214e-06
 1.16681595e-06 1.15706198e-06 1.14738955e-06 1.13779798e-06
 1.12828658e-06 1.11885470e-06 1.10950167e-06 1.10022682e-06
 1.09102950e-06 1.08190907e-06 1.07286488e-06 1.06389629e-06
 1.05500268e-06 1.04618341e-06 1.03743787e-06 1.02876543e-06
 1.02016550e-06 1.01163745e-06 1.00318069e-06 9.94794630e-07
 9.86478670e-07 9.78232228e-07 9.70054721e-07 9.61945574e-07
 9.53904216e-07 9.45930078e-07 9.38022601e-07 9.30181225e-07
 9.22405400e-07 9.14694576e-07 9.07048211e-07 8.99465765e-07
 8.91946705e-07 8.84490500e-07 8.77096625e-07 8.69764559e-07
 8.62493785e-07 8.55283791e-07 8.48134068e-07 8.41044114e-07
 8.34013428e-07 8.27041515e-07 8.20127883e-07 8.13272045e-07
 8.06473519e-07 7.99731825e-07 7.93046488e-07 7.86417036e-07
 7.79843004e-07 7.73323927e-07 7.66859346e-07 7.60448805e-07
 7.54091854e-07 7.47788042e-07 7.41536928e-07 7.35338070e-07
 7.29191030e-07 7.23095377e-07 7.17050680e-07 7.11056514e-07
 7.05112456e-07 6.99218087e-07 6.93372992e-07 6.87576758e-07
 6.81828978e-07 6.76129247e-07 6.70477162e-07 6.64872326e-07
 6.59314344e-07 6.53802823e-07 6.48337375e-07 6.42917616e-07
 6.37543163e-07 6.32213638e-07 6.26928664e-07 6.21687871e-07
 6.16490887e-07 6.11337348e-07 6.06226890e-07 6.01159152e-07
 5.96133778e-07 5.91150413e-07 5.86208707e-07 5.81308310e-07
 5.76448879e-07 5.71630070e-07 5.66851543e-07 5.62112963e-07
 5.57413994e-07 5.52754306e-07 5.48133571e-07 5.43551463e-07
 5.39007659e-07 5.34501839e-07 5.30033685e-07 5.25602882e-07
 5.21209119e-07 5.16852085e-07 5.12531473e-07 5.08246980e-07
 5.03998303e-07 4.99785142e-07 4.95607201e-07 4.91464186e-07
 4.87355804e-07 4.83281766e-07 4.79241785e-07 4.75235576e-07
 4.71262856e-07 4.67323347e-07 4.63416770e-07 4.59542849e-07
 4.55701313e-07 4.51891890e-07 4.48114312e-07 4.44368312e-07
 4.40653627e-07 4.36969994e-07 4.33317155e-07 4.29694852e-07
 4.26102829e-07 4.22540833e-07 4.19008614e-07 4.15505923e-07
 4.12032512e-07 4.08588137e-07 4.05172555e-07 4.01785526e-07
 3.98426811e-07 3.95096172e-07 3.91793376e-07 3.88518190e-07
 3.85270382e-07 3.82049724e-07 3.78855990e-07 3.75688953e-07
 3.72548391e-07 3.69434083e-07 3.66345808e-07 3.63283350e-07
 3.60246492e-07 3.57235021e-07 3.54248725e-07 3.51287392e-07
 3.48350814e-07 3.45438785e-07 3.42551098e-07 3.39687551e-07
 3.36847942e-07 3.34032071e-07 3.31239738e-07 3.28470748e-07
 3.25724906e-07 3.23002017e-07 3.20301890e-07 3.17624335e-07
 3.14969163e-07 3.12336186e-07 3.09725220e-07 3.07136080e-07
 3.04568584e-07 3.02022551e-07 2.99497802e-07 2.96994158e-07
 2.94511443e-07 2.92049482e-07 2.89608102e-07 2.87187131e-07
 2.84786398e-07 2.82405733e-07 2.80044970e-07 2.77703941e-07
 2.75382483e-07 2.73080430e-07 2.70797621e-07 2.68533896e-07
 2.66289094e-07 2.64063057e-07 2.61855629e-07 2.59666654e-07
 2.57495977e-07 2.55343446e-07 2.53208909e-07 2.51092216e-07
 2.48993217e-07 2.46911765e-07 2.44847713e-07 2.42800915e-07
 2.40771227e-07 2.38758506e-07 2.36762611e-07 2.34783400e-07
 2.32820734e-07 2.30874475e-07 2.28944486e-07 2.27030631e-07
 2.25132774e-07 2.23250783e-07 2.21384524e-07 2.19533866e-07
 2.17698678e-07 2.15878832e-07 2.14074198e-07 2.12284651e-07
 2.10510063e-07 2.08750309e-07 2.07005267e-07 2.05274812e-07
 2.03558822e-07 2.01857178e-07 2.00169758e-07 1.98496444e-07
 1.96837118e-07 1.95191663e-07 1.93559964e-07 1.91941904e-07]"
Esponenziale,MLE libero,"(0.2311111111111111, 1187.3371897087927)",1.2614990288881727e-41,12704.924361122858,12714.258274707716,3.347581732865819e-05,"[8.42220734e-04 8.35178848e-04 8.28195839e-04 8.21271216e-04
 8.14404490e-04 8.07595177e-04 8.00842798e-04 7.94146876e-04
 7.87506939e-04 7.80922520e-04 7.74393153e-04 7.67918379e-04
 7.61497742e-04 7.55130787e-04 7.48817068e-04 7.42556138e-04
 7.36347556e-04 7.30190885e-04 7.24085690e-04 7.18031542e-04
 7.12028013e-04 7.06074680e-04 7.00171123e-04 6.94316926e-04
 6.88511677e-04 6.82754966e-04 6.77046388e-04 6.71385539e-04
 6.65772022e-04 6.60205439e-04 6.54685399e-04 6.49211513e-04
 6.43783395e-04 6.38400661e-04 6.33062933e-04 6.27769835e-04
 6.22520992e-04 6.17316036e-04 6.12154598e-04 6.07036316e-04
 6.01960828e-04 5.96927777e-04 5.91936808e-04 5.86987569e-04
 5.82079710e-04 5.77212887e-04 5.72386756e-04 5.67600977e-04
 5.62855211e-04 5.58149126e-04 5.53482389e-04 5.48854670e-04
 5.44265645e-04 5.39714989e-04 5.35202381e-04 5.30727504e-04
 5.26290041e-04 5.21889680e-04 5.17526112e-04 5.13199027e-04
 5.08908122e-04 5.04653093e-04 5.00433641e-04 4.96249469e-04
 4.92100280e-04 4.87985784e-04 4.83905688e-04 4.79859708e-04
 4.75847555e-04 4.71868949e-04 4.67923609e-04 4.64011255e-04
 4.60131614e-04 4.56284410e-04 4.52469373e-04 4.48686234e-04
 4.44934726e-04 4.41214585e-04 4.37525549e-04 4.33867356e-04
 4.30239751e-04 4.26642476e-04 4.23075278e-04 4.19537906e-04
 4.16030110e-04 4.12551643e-04 4.09102260e-04 4.05681717e-04
 4.02289774e-04 3.98926192e-04 3.95590732e-04 3.92283161e-04
 3.89003245e-04 3.85750752e-04 3.82525454e-04 3.79327122e-04
 3.76155533e-04 3.73010461e-04 3.69891685e-04 3.66798986e-04
 3.63732145e-04 3.60690947e-04 3.57675176e-04 3.54684620e-04
 3.51719069e-04 3.48778312e-04 3.45862144e-04 3.42970358e-04
 3.40102751e-04 3.37259120e-04 3.34439265e-04 3.31642986e-04
 3.28870088e-04 3.26120374e-04 3.23393651e-04 3.20689727e-04
 3.18008410e-04 3.15349511e-04 3.12712845e-04 3.10098223e-04
 3.07505463e-04 3.04934381e-04 3.02384796e-04 2.99856528e-04
 2.97349399e-04 2.94863233e-04 2.92397854e-04 2.89953088e-04
 2.87528763e-04 2.85124708e-04 2.82740753e-04 2.80376731e-04
 2.78032475e-04 2.75707819e-04 2.73402600e-04 2.71116656e-04
 2.68849824e-04 2.66601945e-04 2.64372861e-04 2.62162415e-04
 2.59970450e-04 2.57796813e-04 2.55641349e-04 2.53503908e-04
 2.51384338e-04 2.49282490e-04 2.47198216e-04 2.45131368e-04
 2.43081802e-04 2.41049372e-04 2.39033935e-04 2.37035350e-04
 2.35053475e-04 2.33088171e-04 2.31139299e-04 2.29206722e-04
 2.27290303e-04 2.25389907e-04 2.23505401e-04 2.21636651e-04
 2.19783526e-04 2.17945896e-04 2.16123630e-04 2.14316600e-04
 2.12524678e-04 2.10747740e-04 2.08985658e-04 2.07238309e-04
 2.05505570e-04 2.03787319e-04 2.02083434e-04 2.00393795e-04
 1.98718284e-04 1.97056782e-04 1.95409171e-04 1.93775337e-04
 1.92155163e-04 1.90548536e-04 1.88955341e-04 1.87375468e-04
 1.85808804e-04 1.84255239e-04 1.82714664e-04 1.81186969e-04
 1.79672048e-04 1.78169793e-04 1.76680099e-04 1.75202860e-04
 1.73737972e-04 1.72285333e-04 1.70844839e-04 1.69416389e-04
 1.67999883e-04 1.66595220e-04 1.65202302e-04 1.63821030e-04
 1.62451307e-04 1.61093036e-04 1.59746122e-04 1.58410470e-04
 1.57085985e-04 1.55772574e-04 1.54470145e-04 1.53178606e-04
 1.51897865e-04 1.50627833e-04 1.49368419e-04 1.48119536e-04
 1.46881094e-04 1.45653008e-04 1.44435189e-04 1.43227553e-04
 1.42030014e-04 1.40842488e-04 1.39664890e-04 1.38497139e-04
 1.37339152e-04 1.36190846e-04 1.35052142e-04 1.33922958e-04
 1.32803215e-04 1.31692835e-04 1.30591739e-04 1.29499849e-04
 1.28417089e-04 1.27343382e-04 1.26278652e-04 1.25222824e-04
 1.24175824e-04 1.23137578e-04 1.22108013e-04 1.21087057e-04
 1.20074637e-04 1.19070681e-04 1.18075120e-04 1.17087883e-04
 1.16108900e-04 1.15138103e-04 1.14175422e-04 1.13220791e-04
 1.12274141e-04 1.11335406e-04 1.10404521e-04 1.09481418e-04
 1.08566034e-04 1.07658303e-04 1.06758162e-04 1.05865547e-04
 1.04980395e-04 1.04102644e-04 1.03232232e-04 1.02369097e-04
 1.01513180e-04 1.00664419e-04 9.98227539e-05 9.89881265e-05
 9.81604775e-05 9.73397485e-05 9.65258817e-05 9.57188197e-05
 9.49185057e-05 9.41248831e-05 9.33378961e-05 9.25574892e-05
 9.17836073e-05 9.10161960e-05 9.02552010e-05 8.95005688e-05
 8.87522461e-05 8.80101802e-05 8.72743188e-05 8.65446101e-05
 8.58210024e-05 8.51034450e-05 8.43918871e-05 8.36862786e-05
 8.29865697e-05 8.22927112e-05 8.16046541e-05 8.09223499e-05
 8.02457506e-05 7.95748083e-05 7.89094758e-05 7.82497063e-05
 7.75954531e-05 7.69466703e-05 7.63033119e-05 7.56653328e-05
 7.50326878e-05 7.44053324e-05 7.37832225e-05 7.31663140e-05
 7.25545636e-05 7.19479280e-05 7.13463647e-05 7.07498310e-05
 7.01582850e-05 6.95716850e-05 6.89899896e-05 6.84131578e-05
 6.78411490e-05 6.72739227e-05 6.67114391e-05 6.61536585e-05
 6.56005416e-05 6.50520493e-05 6.45081430e-05 6.39687843e-05
 6.34339353e-05 6.29035582e-05 6.23776156e-05 6.18560705e-05
 6.13388861e-05 6.08260259e-05 6.03174538e-05 5.98131339e-05
 5.93130307e-05 5.88171088e-05 5.83253335e-05 5.78376699e-05
 5.73540837e-05 5.68745408e-05 5.63990074e-05 5.59274500e-05
 5.54598353e-05 5.49961304e-05 5.45363026e-05 5.40803195e-05
 5.36281488e-05 5.31797588e-05 5.27351179e-05 5.22941946e-05
 5.18569579e-05 5.14233770e-05 5.09934213e-05 5.05670605e-05
 5.01442646e-05 4.97250037e-05 4.93092482e-05 4.88969690e-05
 4.84881368e-05 4.80827230e-05 4.76806988e-05 4.72820360e-05
 4.68867064e-05 4.64946823e-05 4.61059359e-05 4.57204398e-05
 4.53381669e-05 4.49590902e-05 4.45831831e-05 4.42104189e-05
 4.38407714e-05 4.34742146e-05 4.31107226e-05 4.27502698e-05
 4.23928308e-05 4.20383803e-05 4.16868935e-05 4.13383454e-05
 4.09927116e-05 4.06499677e-05 4.03100895e-05 3.99730531e-05
 3.96388346e-05 3.93074106e-05 3.89787576e-05 3.86528526e-05
 3.83296725e-05 3.80091945e-05 3.76913960e-05 3.73762547e-05
 3.70637483e-05 3.67538548e-05 3.64465524e-05 3.61418194e-05
 3.58396342e-05 3.55399757e-05 3.52428226e-05 3.49481540e-05
 3.46559492e-05 3.43661876e-05 3.40788486e-05 3.37939122e-05
 3.35113581e-05 3.32311665e-05 3.29533176e-05 3.26777918e-05
 3.24045697e-05 3.21336321e-05 3.18649597e-05 3.15985338e-05
 3.13343355e-05 3.10723462e-05 3.08125474e-05 3.05549208e-05
 3.02994482e-05 3.00461117e-05 2.97948933e-05 2.95457754e-05
 2.92987404e-05 2.90537709e-05 2.88108496e-05 2.85699593e-05
 2.83310832e-05 2.80942044e-05 2.78593061e-05 2.76263718e-05
 2.73953851e-05 2.71663297e-05 2.69391895e-05 2.67139484e-05
 2.64905906e-05 2.62691002e-05 2.60494618e-05 2.58316598e-05
 2.56156789e-05 2.54015038e-05 2.51891194e-05 2.49785108e-05
 2.47696632e-05 2.45625617e-05 2.43571918e-05 2.41535390e-05
 2.39515890e-05 2.37513275e-05 2.35527404e-05 2.33558138e-05
 2.31605336e-05 2.29668862e-05 2.27748579e-05 2.25844352e-05
 2.23956046e-05 2.22083528e-05 2.20226667e-05 2.18385331e-05
 2.16559391e-05 2.14748718e-05 2.12953183e-05 2.11172662e-05
 2.09407027e-05 2.07656155e-05 2.05919923e-05 2.04198207e-05
 2.02490887e-05 2.00797841e-05 1.99118952e-05 1.97454099e-05
 1.95803167e-05 1.94166038e-05 1.92542598e-05 1.90932731e-05
 1.89336325e-05 1.87753266e-05 1.86183443e-05 1.84626746e-05
 1.83083064e-05 1.81552290e-05 1.80034314e-05 1.78529030e-05
 1.77036332e-05 1.75556115e-05 1.74088273e-05 1.72632705e-05
 1.71189307e-05 1.69757977e-05 1.68338614e-05 1.66931119e-05
 1.65535393e-05 1.64151336e-05 1.62778851e-05 1.61417842e-05
 1.60068212e-05 1.58729866e-05 1.57402711e-05 1.56086652e-05
 1.54781597e-05 1.53487454e-05 1.52204131e-05 1.50931538e-05
 1.49669585e-05 1.48418183e-05 1.47177245e-05 1.45946682e-05
 1.44726408e-05 1.43516337e-05 1.42316384e-05 1.41126463e-05
 1.39946491e-05 1.38776385e-05 1.37616063e-05 1.36465442e-05
 1.35324442e-05 1.34192981e-05 1.33070981e-05 1.31958362e-05
 1.30855046e-05 1.29760955e-05 1.28676011e-05 1.27600139e-05
 1.26533262e-05 1.25475306e-05 1.24426195e-05 1.23385856e-05
 1.22354215e-05 1.21331200e-05 1.20316738e-05 1.19310759e-05
 1.18313190e-05 1.17323963e-05 1.16343006e-05 1.15370251e-05
 1.14405630e-05 1.13449073e-05 1.12500515e-05 1.11559888e-05
 1.10627125e-05 1.09702161e-05 1.08784931e-05 1.07875370e-05
 1.06973414e-05 1.06078999e-05 1.05192063e-05 1.04312542e-05
 1.03440375e-05 1.02575500e-05 1.01717857e-05 1.00867384e-05
 1.00024023e-05 9.91877123e-06 9.83583945e-06 9.75360108e-06
 9.67205030e-06 9.59118138e-06 9.51098861e-06 9.43146634e-06
 9.35260896e-06 9.27441092e-06 9.19686670e-06 9.11997083e-06
 9.04371790e-06 8.96810252e-06 8.89311937e-06 8.81876317e-06
 8.74502866e-06 8.67191065e-06 8.59940399e-06 8.52750357e-06
 8.45620431e-06 8.38550119e-06 8.31538922e-06 8.24586347e-06
 8.17691903e-06 8.10855105e-06 8.04075469e-06 7.97352518e-06
 7.90685779e-06 7.84074781e-06 7.77519058e-06 7.71018148e-06
 7.64571593e-06 7.58178938e-06 7.51839732e-06 7.45553530e-06
 7.39319886e-06 7.33138363e-06 7.27008525e-06 7.20929938e-06
 7.14902175e-06 7.08924811e-06 7.02997424e-06 6.97119596e-06
 6.91290914e-06 6.85510965e-06 6.79779344e-06 6.74095645e-06
 6.68459468e-06 6.62870415e-06 6.57328093e-06 6.51832111e-06
 6.46382082e-06 6.40977620e-06 6.35618346e-06 6.30303882e-06
 6.25033851e-06 6.19807885e-06 6.14625613e-06 6.09486670e-06
 6.04390695e-06 5.99337327e-06 5.94326212e-06 5.89356994e-06
 5.84429325e-06 5.79542857e-06 5.74697244e-06 5.69892147e-06
 5.65127225e-06 5.60402143e-06 5.55716568e-06 5.51070169e-06
 5.46462620e-06 5.41893595e-06 5.37362771e-06 5.32869831e-06
 5.28414456e-06 5.23996333e-06 5.19615150e-06 5.15270599e-06
 5.10962373e-06 5.06690169e-06 5.02453685e-06 4.98252622e-06
 4.94086685e-06 4.89955580e-06 4.85859015e-06 4.81796702e-06
 4.77768355e-06 4.73773689e-06 4.69812422e-06 4.65884277e-06
 4.61988974e-06 4.58126241e-06 4.54295805e-06 4.50497395e-06
 4.46730744e-06 4.42995586e-06 4.39291658e-06 4.35618699e-06
 4.31976450e-06 4.28364655e-06 4.24783057e-06 4.21231406e-06
 4.17709451e-06 4.14216943e-06 4.10753636e-06 4.07319286e-06
 4.03913652e-06 4.00536492e-06 3.97187568e-06 3.93866646e-06
 3.90573490e-06 3.87307868e-06 3.84069550e-06 3.80858309e-06
 3.77673917e-06 3.74516150e-06 3.71384785e-06 3.68279602e-06
 3.65200381e-06 3.62146907e-06 3.59118962e-06 3.56116335e-06
 3.53138813e-06 3.50186186e-06 3.47258246e-06 3.44354788e-06
 3.41475605e-06 3.38620495e-06 3.35789257e-06 3.32981692e-06
 3.30197601e-06 3.27436787e-06 3.24699058e-06 3.21984218e-06
 3.19292078e-06 3.16622447e-06 3.13975137e-06 3.11349961e-06
 3.08746735e-06 3.06165274e-06 3.03605398e-06 3.01066924e-06
 2.98549676e-06 2.96053474e-06 2.93578143e-06 2.91123508e-06
 2.88689397e-06 2.86275638e-06 2.83882061e-06 2.81508496e-06
 2.79154777e-06 2.76820738e-06 2.74506213e-06 2.72211041e-06
 2.69935059e-06 2.67678107e-06 2.65440025e-06 2.63220656e-06
 2.61019843e-06 2.58837432e-06 2.56673268e-06 2.54527198e-06
 2.52399073e-06 2.50288740e-06 2.48196052e-06 2.46120862e-06
 2.44063022e-06 2.42022388e-06 2.39998816e-06 2.37992164e-06
 2.36002289e-06 2.34029052e-06 2.32072313e-06 2.30131934e-06
 2.28207780e-06 2.26299713e-06 2.24407600e-06 2.22531307e-06
 2.20670701e-06 2.18825653e-06 2.16996031e-06 2.15181707e-06
 2.13382552e-06 2.11598441e-06 2.09829246e-06 2.08074844e-06
 2.06335111e-06 2.04609924e-06 2.02899161e-06 2.01202702e-06
 1.99520427e-06 1.97852218e-06 1.96197957e-06 1.94557528e-06
 1.92930814e-06 1.91317701e-06 1.89718076e-06 1.88131825e-06
 1.86558837e-06 1.84999001e-06 1.83452207e-06 1.81918346e-06
 1.80397310e-06 1.78888991e-06 1.77393283e-06 1.75910081e-06
 1.74439281e-06 1.72980777e-06 1.71534469e-06 1.70100253e-06
 1.68678029e-06 1.67267696e-06 1.65869155e-06 1.64482307e-06
 1.63107055e-06 1.61743302e-06 1.60390951e-06 1.59049907e-06
 1.57720076e-06 1.56401364e-06 1.55093677e-06 1.53796924e-06
 1.52511014e-06 1.51235855e-06 1.49971358e-06 1.48717433e-06
 1.47473993e-06 1.46240949e-06 1.45018214e-06 1.43805703e-06
 1.42603330e-06 1.41411011e-06 1.40228660e-06 1.39056195e-06
 1.37893533e-06 1.36740592e-06 1.35597291e-06 1.34463549e-06
 1.33339287e-06 1.32224425e-06 1.31118884e-06 1.30022587e-06
 1.28935455e-06 1.27857414e-06 1.26788386e-06 1.25728297e-06
 1.24677070e-06 1.23634634e-06 1.22600913e-06 1.21575835e-06
 1.20559328e-06 1.19551320e-06 1.18551740e-06 1.17560518e-06
 1.16577584e-06 1.15602868e-06 1.14636301e-06 1.13677816e-06
 1.12727345e-06 1.11784821e-06 1.10850178e-06 1.09923349e-06
 1.09004270e-06 1.08092875e-06 1.07189100e-06 1.06292882e-06
 1.05404157e-06 1.04522863e-06 1.03648938e-06 1.02782319e-06
 1.01922947e-06 1.01070759e-06 1.00225697e-06 9.93877006e-07
 9.85567107e-07 9.77326687e-07 9.69155167e-07 9.61051970e-07
 9.53016524e-07 9.45048263e-07 9.37146626e-07 9.29311055e-07
 9.21540998e-07 9.13835907e-07 9.06195239e-07 8.98618455e-07
 8.91105022e-07 8.83654409e-07 8.76266091e-07 8.68939548e-07
 8.61674263e-07 8.54469723e-07 8.47325422e-07 8.40240854e-07
 8.33215521e-07 8.26248928e-07 8.19340583e-07 8.12489999e-07
 8.05696694e-07 7.98960188e-07 7.92280007e-07 7.85655680e-07
 7.79086739e-07 7.72572721e-07 7.66113168e-07 7.59707624e-07
 7.53355637e-07 7.47056760e-07 7.40810548e-07 7.34616561e-07
 7.28474363e-07 7.22383520e-07 7.16343604e-07 7.10354188e-07
 7.04414849e-07 6.98525171e-07 6.92684736e-07 6.86893134e-07
 6.81149956e-07 6.75454797e-07 6.69807256e-07 6.64206934e-07
 6.58653438e-07 6.53146375e-07 6.47685356e-07 6.42269998e-07
 6.36899918e-07 6.31574738e-07 6.26294082e-07 6.21057579e-07
 6.15864858e-07 6.10715554e-07 6.05609304e-07 6.00545747e-07
 5.95524528e-07 5.90545291e-07 5.85607687e-07 5.80711366e-07
 5.75855983e-07 5.71041197e-07 5.66266668e-07 5.61532059e-07
 5.56837037e-07 5.52181270e-07 5.47564431e-07 5.42986193e-07
 5.38446235e-07 5.33944235e-07 5.29479877e-07 5.25052846e-07
 5.20662830e-07 5.16309519e-07 5.11992606e-07 5.07711788e-07
 5.03466762e-07 4.99257229e-07 4.95082893e-07 4.90943458e-07
 4.86838634e-07 4.82768130e-07 4.78731660e-07 4.74728940e-07
 4.70759687e-07 4.66823621e-07 4.62920464e-07 4.59049943e-07
 4.55211783e-07 4.51405715e-07 4.47631469e-07 4.43888780e-07
 4.40177384e-07 4.36497020e-07 4.32847427e-07 4.29228349e-07
 4.25639531e-07 4.22080719e-07 4.18551662e-07 4.15052112e-07
 4.11581822e-07 4.08140548e-07 4.04728047e-07 4.01344077e-07
 3.97988402e-07 3.94660783e-07 3.91360987e-07 3.88088781e-07
 3.84843935e-07 3.81626218e-07 3.78435406e-07 3.75271272e-07
 3.72133593e-07 3.69022149e-07 3.65936720e-07 3.62877089e-07
 3.59843040e-07 3.56834358e-07 3.53850833e-07 3.50892252e-07
 3.47958409e-07 3.45049096e-07 3.42164108e-07 3.39303242e-07
 3.36466296e-07 3.33653070e-07 3.30863365e-07 3.28096985e-07
 3.25353735e-07 3.22633422e-07 3.19935854e-07 3.17260840e-07
 3.14608192e-07 3.11977724e-07 3.09369249e-07 3.06782583e-07
 3.04217545e-07 3.01673954e-07 2.99151629e-07 2.96650395e-07
 2.94170073e-07 2.91710489e-07 2.89271470e-07 2.86852844e-07
 2.84454441e-07 2.82076090e-07 2.79717626e-07 2.77378880e-07
 2.75059689e-07 2.72759890e-07 2.70479318e-07 2.68217815e-07
 2.65975221e-07 2.63751377e-07 2.61546127e-07 2.59359315e-07
 2.57190788e-07 2.55040391e-07 2.52907975e-07 2.50793387e-07
 2.48696480e-07 2.46617106e-07 2.44555117e-07 2.42510369e-07
 2.40482717e-07 2.38472018e-07 2.36478131e-07 2.34500915e-07
 2.32540231e-07 2.30595940e-07 2.28667906e-07 2.26755992e-07
 2.24860064e-07 2.22979988e-07 2.21115631e-07 2.19266862e-07
 2.17433552e-07 2.15615569e-07 2.13812787e-07 2.12025078e-07
 2.10252317e-07 2.08494377e-07 2.06751136e-07 2.05022471e-07
 2.03308258e-07 2.01608379e-07 1.99922712e-07 1.98251140e-07
 1.96593543e-07 1.94949806e-07 1.93319813e-07 1.91703447e-07]"
Normale,MLE,"(np.float64(1187.568300819904), np.float64(1790.9586658460307))",4.50954558244499e-45,14009.647313924594,14018.981227509452,4.9017941622957126e-05,"[1.78806913e-04 1.79465203e-04 1.80120336e-04 1.80772259e-04
 1.81420921e-04 1.82066268e-04 1.82708250e-04 1.83346815e-04
 1.83981911e-04 1.84613486e-04 1.85241490e-04 1.85865871e-04
 1.86486578e-04 1.87103560e-04 1.87716768e-04 1.88326149e-04
 1.88931655e-04 1.89533235e-04 1.90130840e-04 1.90724419e-04
 1.91313923e-04 1.91899303e-04 1.92480510e-04 1.93057496e-04
 1.93630212e-04 1.94198609e-04 1.94762640e-04 1.95322257e-04
 1.95877413e-04 1.96428061e-04 1.96974153e-04 1.97515643e-04
 1.98052485e-04 1.98584633e-04 1.99112042e-04 1.99634665e-04
 2.00152458e-04 2.00665377e-04 2.01173377e-04 2.01676414e-04
 2.02174444e-04 2.02667424e-04 2.03155312e-04 2.03638065e-04
 2.04115640e-04 2.04587996e-04 2.05055091e-04 2.05516885e-04
 2.05973336e-04 2.06424406e-04 2.06870053e-04 2.07310239e-04
 2.07744924e-04 2.08174071e-04 2.08597641e-04 2.09015596e-04
 2.09427899e-04 2.09834514e-04 2.10235404e-04 2.10630534e-04
 2.11019868e-04 2.11403371e-04 2.11781009e-04 2.12152748e-04
 2.12518554e-04 2.12878396e-04 2.13232239e-04 2.13580053e-04
 2.13921806e-04 2.14257467e-04 2.14587005e-04 2.14910392e-04
 2.15227596e-04 2.15538591e-04 2.15843347e-04 2.16141837e-04
 2.16434033e-04 2.16719909e-04 2.16999439e-04 2.17272597e-04
 2.17539359e-04 2.17799699e-04 2.18053595e-04 2.18301022e-04
 2.18541959e-04 2.18776383e-04 2.19004273e-04 2.19225607e-04
 2.19440365e-04 2.19648528e-04 2.19850076e-04 2.20044991e-04
 2.20233255e-04 2.20414851e-04 2.20589761e-04 2.20757970e-04
 2.20919461e-04 2.21074221e-04 2.21222235e-04 2.21363489e-04
 2.21497970e-04 2.21625665e-04 2.21746563e-04 2.21860653e-04
 2.21967924e-04 2.22068365e-04 2.22161969e-04 2.22248726e-04
 2.22328627e-04 2.22401666e-04 2.22467836e-04 2.22527131e-04
 2.22579544e-04 2.22625072e-04 2.22663710e-04 2.22695455e-04
 2.22720303e-04 2.22738252e-04 2.22749301e-04 2.22753448e-04
 2.22750693e-04 2.22741037e-04 2.22724480e-04 2.22701023e-04
 2.22670670e-04 2.22633422e-04 2.22589284e-04 2.22538259e-04
 2.22480352e-04 2.22415569e-04 2.22343915e-04 2.22265398e-04
 2.22180024e-04 2.22087801e-04 2.21988738e-04 2.21882844e-04
 2.21770129e-04 2.21650604e-04 2.21524279e-04 2.21391166e-04
 2.21251277e-04 2.21104626e-04 2.20951226e-04 2.20791092e-04
 2.20624237e-04 2.20450677e-04 2.20270429e-04 2.20083509e-04
 2.19889935e-04 2.19689723e-04 2.19482893e-04 2.19269464e-04
 2.19049455e-04 2.18822886e-04 2.18589779e-04 2.18350154e-04
 2.18104034e-04 2.17851442e-04 2.17592399e-04 2.17326931e-04
 2.17055062e-04 2.16776815e-04 2.16492217e-04 2.16201294e-04
 2.15904072e-04 2.15600578e-04 2.15290840e-04 2.14974886e-04
 2.14652744e-04 2.14324444e-04 2.13990016e-04 2.13649490e-04
 2.13302896e-04 2.12950267e-04 2.12591633e-04 2.12227027e-04
 2.11856482e-04 2.11480032e-04 2.11097709e-04 2.10709549e-04
 2.10315586e-04 2.09915855e-04 2.09510392e-04 2.09099233e-04
 2.08682415e-04 2.08259975e-04 2.07831951e-04 2.07398380e-04
 2.06959300e-04 2.06514752e-04 2.06064773e-04 2.05609404e-04
 2.05148685e-04 2.04682656e-04 2.04211358e-04 2.03734833e-04
 2.03253121e-04 2.02766266e-04 2.02274310e-04 2.01777295e-04
 2.01275264e-04 2.00768262e-04 2.00256332e-04 1.99739519e-04
 1.99217866e-04 1.98691420e-04 1.98160224e-04 1.97624325e-04
 1.97083769e-04 1.96538602e-04 1.95988870e-04 1.95434620e-04
 1.94875899e-04 1.94312754e-04 1.93745234e-04 1.93173386e-04
 1.92597257e-04 1.92016898e-04 1.91432356e-04 1.90843679e-04
 1.90250919e-04 1.89654122e-04 1.89053340e-04 1.88448623e-04
 1.87840019e-04 1.87227579e-04 1.86611354e-04 1.85991394e-04
 1.85367750e-04 1.84740474e-04 1.84109615e-04 1.83475225e-04
 1.82837356e-04 1.82196059e-04 1.81551387e-04 1.80903390e-04
 1.80252120e-04 1.79597631e-04 1.78939973e-04 1.78279200e-04
 1.77615363e-04 1.76948515e-04 1.76278709e-04 1.75605997e-04
 1.74930432e-04 1.74252067e-04 1.73570955e-04 1.72887147e-04
 1.72200698e-04 1.71511660e-04 1.70820087e-04 1.70126030e-04
 1.69429544e-04 1.68730681e-04 1.68029495e-04 1.67326037e-04
 1.66620362e-04 1.65912522e-04 1.65202570e-04 1.64490560e-04
 1.63776544e-04 1.63060574e-04 1.62342704e-04 1.61622987e-04
 1.60901475e-04 1.60178221e-04 1.59453277e-04 1.58726695e-04
 1.57998530e-04 1.57268831e-04 1.56537652e-04 1.55805045e-04
 1.55071062e-04 1.54335754e-04 1.53599174e-04 1.52861373e-04
 1.52122402e-04 1.51382313e-04 1.50641157e-04 1.49898985e-04
 1.49155847e-04 1.48411796e-04 1.47666880e-04 1.46921151e-04
 1.46174659e-04 1.45427453e-04 1.44679584e-04 1.43931102e-04
 1.43182055e-04 1.42432493e-04 1.41682464e-04 1.40932019e-04
 1.40181205e-04 1.39430070e-04 1.38678664e-04 1.37927033e-04
 1.37175226e-04 1.36423289e-04 1.35671270e-04 1.34919217e-04
 1.34167175e-04 1.33415190e-04 1.32663310e-04 1.31911581e-04
 1.31160046e-04 1.30408753e-04 1.29657745e-04 1.28907069e-04
 1.28156767e-04 1.27406885e-04 1.26657467e-04 1.25908555e-04
 1.25160193e-04 1.24412424e-04 1.23665291e-04 1.22918837e-04
 1.22173102e-04 1.21428129e-04 1.20683959e-04 1.19940634e-04
 1.19198193e-04 1.18456678e-04 1.17716128e-04 1.16976584e-04
 1.16238084e-04 1.15500667e-04 1.14764373e-04 1.14029239e-04
 1.13295303e-04 1.12562604e-04 1.11831178e-04 1.11101063e-04
 1.10372294e-04 1.09644908e-04 1.08918941e-04 1.08194428e-04
 1.07471405e-04 1.06749906e-04 1.06029965e-04 1.05311616e-04
 1.04594893e-04 1.03879829e-04 1.03166458e-04 1.02454810e-04
 1.01744919e-04 1.01036816e-04 1.00330533e-04 9.96260991e-05
 9.89235465e-05 9.82229047e-05 9.75242036e-05 9.68274723e-05
 9.61327400e-05 9.54400351e-05 9.47493859e-05 9.40608200e-05
 9.33743648e-05 9.26900474e-05 9.20078943e-05 9.13279317e-05
 9.06501853e-05 8.99746807e-05 8.93014428e-05 8.86304961e-05
 8.79618649e-05 8.72955731e-05 8.66316439e-05 8.59701006e-05
 8.53109655e-05 8.46542610e-05 8.40000090e-05 8.33482308e-05
 8.26989474e-05 8.20521796e-05 8.14079476e-05 8.07662711e-05
 8.01271698e-05 7.94906626e-05 7.88567683e-05 7.82255051e-05
 7.75968909e-05 7.69709433e-05 7.63476793e-05 7.57271157e-05
 7.51092689e-05 7.44941548e-05 7.38817890e-05 7.32721866e-05
 7.26653626e-05 7.20613313e-05 7.14601068e-05 7.08617029e-05
 7.02661327e-05 6.96734093e-05 6.90835451e-05 6.84965525e-05
 6.79124431e-05 6.73312286e-05 6.67529199e-05 6.61775277e-05
 6.56050625e-05 6.50355343e-05 6.44689526e-05 6.39053268e-05
 6.33446658e-05 6.27869782e-05 6.22322722e-05 6.16805557e-05
 6.11318363e-05 6.05861210e-05 6.00434168e-05 5.95037302e-05
 5.89670674e-05 5.84334341e-05 5.79028359e-05 5.73752780e-05
 5.68507651e-05 5.63293019e-05 5.58108925e-05 5.52955408e-05
 5.47832503e-05 5.42740242e-05 5.37678656e-05 5.32647770e-05
 5.27647606e-05 5.22678186e-05 5.17739526e-05 5.12831641e-05
 5.07954540e-05 5.03108232e-05 4.98292722e-05 4.93508013e-05
 4.88754103e-05 4.84030989e-05 4.79338665e-05 4.74677122e-05
 4.70046347e-05 4.65446327e-05 4.60877044e-05 4.56338477e-05
 4.51830605e-05 4.47353402e-05 4.42906840e-05 4.38490889e-05
 4.34105516e-05 4.29750685e-05 4.25426359e-05 4.21132497e-05
 4.16869056e-05 4.12635992e-05 4.08433257e-05 4.04260802e-05
 4.00118573e-05 3.96006517e-05 3.91924577e-05 3.87872694e-05
 3.83850808e-05 3.79858855e-05 3.75896770e-05 3.71964486e-05
 3.68061934e-05 3.64189041e-05 3.60345735e-05 3.56531941e-05
 3.52747581e-05 3.48992576e-05 3.45266844e-05 3.41570304e-05
 3.37902870e-05 3.34264457e-05 3.30654974e-05 3.27074334e-05
 3.23522444e-05 3.19999210e-05 3.16504539e-05 3.13038332e-05
 3.09600493e-05 3.06190922e-05 3.02809517e-05 2.99456175e-05
 2.96130793e-05 2.92833265e-05 2.89563485e-05 2.86321342e-05
 2.83106729e-05 2.79919534e-05 2.76759645e-05 2.73626948e-05
 2.70521328e-05 2.67442670e-05 2.64390856e-05 2.61365769e-05
 2.58367288e-05 2.55395293e-05 2.52449663e-05 2.49530275e-05
 2.46637005e-05 2.43769729e-05 2.40928321e-05 2.38112655e-05
 2.35322604e-05 2.32558039e-05 2.29818831e-05 2.27104850e-05
 2.24415965e-05 2.21752045e-05 2.19112958e-05 2.16498571e-05
 2.13908750e-05 2.11343361e-05 2.08802268e-05 2.06285336e-05
 2.03792429e-05 2.01323411e-05 1.98878143e-05 1.96456488e-05
 1.94058308e-05 1.91683463e-05 1.89331815e-05 1.87003223e-05
 1.84697548e-05 1.82414648e-05 1.80154384e-05 1.77916613e-05
 1.75701195e-05 1.73507987e-05 1.71336846e-05 1.69187632e-05
 1.67060200e-05 1.64954408e-05 1.62870114e-05 1.60807172e-05
 1.58765442e-05 1.56744777e-05 1.54745036e-05 1.52766074e-05
 1.50807746e-05 1.48869911e-05 1.46952422e-05 1.45055137e-05
 1.43177911e-05 1.41320600e-05 1.39483061e-05 1.37665148e-05
 1.35866719e-05 1.34087630e-05 1.32327736e-05 1.30586895e-05
 1.28864963e-05 1.27161796e-05 1.25477251e-05 1.23811186e-05
 1.22163457e-05 1.20533922e-05 1.18922438e-05 1.17328864e-05
 1.15753057e-05 1.14194876e-05 1.12654179e-05 1.11130826e-05
 1.09624676e-05 1.08135587e-05 1.06663421e-05 1.05208037e-05
 1.03769296e-05 1.02347059e-05 1.00941187e-05 9.95515417e-06
 9.81779855e-06 9.68203809e-06 9.54785908e-06 9.41524787e-06
 9.28419083e-06 9.15467440e-06 9.02668507e-06 8.90020934e-06
 8.77523381e-06 8.65174509e-06 8.52972986e-06 8.40917484e-06
 8.29006682e-06 8.17239263e-06 8.05613916e-06 7.94129335e-06
 7.82784220e-06 7.71577276e-06 7.60507215e-06 7.49572754e-06
 7.38772616e-06 7.28105530e-06 7.17570232e-06 7.07165462e-06
 6.96889968e-06 6.86742504e-06 6.76721829e-06 6.66826710e-06
 6.57055920e-06 6.47408238e-06 6.37882450e-06 6.28477348e-06
 6.19191732e-06 6.10024407e-06 6.00974186e-06 5.92039888e-06
 5.83220340e-06 5.74514373e-06 5.65920829e-06 5.57438554e-06
 5.49066403e-06 5.40803236e-06 5.32647920e-06 5.24599333e-06
 5.16656355e-06 5.08817876e-06 5.01082793e-06 4.93450009e-06
 4.85918436e-06 4.78486993e-06 4.71154604e-06 4.63920202e-06
 4.56782729e-06 4.49741132e-06 4.42794365e-06 4.35941391e-06
 4.29181180e-06 4.22512709e-06 4.15934962e-06 4.09446933e-06
 4.03047619e-06 3.96736028e-06 3.90511175e-06 3.84372081e-06
 3.78317775e-06 3.72347294e-06 3.66459683e-06 3.60653992e-06
 3.54929282e-06 3.49284617e-06 3.43719074e-06 3.38231732e-06
 3.32821681e-06 3.27488017e-06 3.22229844e-06 3.17046272e-06
 3.11936421e-06 3.06899417e-06 3.01934392e-06 2.97040488e-06
 2.92216852e-06 2.87462640e-06 2.82777014e-06 2.78159146e-06
 2.73608211e-06 2.69123395e-06 2.64703889e-06 2.60348893e-06
 2.56057612e-06 2.51829261e-06 2.47663060e-06 2.43558237e-06
 2.39514027e-06 2.35529672e-06 2.31604421e-06 2.27737530e-06
 2.23928262e-06 2.20175889e-06 2.16479686e-06 2.12838939e-06
 2.09252938e-06 2.05720981e-06 2.02242373e-06 1.98816426e-06
 1.95442457e-06 1.92119793e-06 1.88847766e-06 1.85625713e-06
 1.82452980e-06 1.79328919e-06 1.76252889e-06 1.73224255e-06
 1.70242389e-06 1.67306667e-06 1.64416476e-06 1.61571207e-06
 1.58770255e-06 1.56013027e-06 1.53298930e-06 1.50627383e-06
 1.47997807e-06 1.45409631e-06 1.42862290e-06 1.40355226e-06
 1.37887885e-06 1.35459721e-06 1.33070193e-06 1.30718767e-06
 1.28404913e-06 1.26128108e-06 1.23887835e-06 1.21683584e-06
 1.19514848e-06 1.17381128e-06 1.15281930e-06 1.13216765e-06
 1.11185150e-06 1.09186608e-06 1.07220668e-06 1.05286862e-06
 1.03384731e-06 1.01513819e-06 9.96736753e-07 9.78638557e-07
 9.60839207e-07 9.43334360e-07 9.26119725e-07 9.09191064e-07
 8.92544188e-07 8.76174960e-07 8.60079294e-07 8.44253152e-07
 8.28692546e-07 8.13393538e-07 7.98352238e-07 7.83564802e-07
 7.69027438e-07 7.54736398e-07 7.40687981e-07 7.26878535e-07
 7.13304451e-07 6.99962168e-07 6.86848169e-07 6.73958982e-07
 6.61291179e-07 6.48841377e-07 6.36606236e-07 6.24582459e-07
 6.12766792e-07 6.01156024e-07 5.89746984e-07 5.78536544e-07
 5.67521618e-07 5.56699159e-07 5.46066161e-07 5.35619658e-07
 5.25356722e-07 5.15274468e-07 5.05370046e-07 4.95640646e-07
 4.86083495e-07 4.76695858e-07 4.67475039e-07 4.58418375e-07
 4.49523242e-07 4.40787053e-07 4.32207254e-07 4.23781327e-07
 4.15506790e-07 4.07381195e-07 3.99402127e-07 3.91567206e-07
 3.83874086e-07 3.76320452e-07 3.68904023e-07 3.61622550e-07
 3.54473816e-07 3.47455637e-07 3.40565856e-07 3.33802352e-07
 3.27163031e-07 3.20645831e-07 3.14248719e-07 3.07969691e-07
 3.01806773e-07 2.95758020e-07 2.89821515e-07 2.83995369e-07
 2.78277721e-07 2.72666736e-07 2.67160610e-07 2.61757561e-07
 2.56455837e-07 2.51253711e-07 2.46149482e-07 2.41141473e-07
 2.36228035e-07 2.31407541e-07 2.26678391e-07 2.22039009e-07
 2.17487840e-07 2.13023358e-07 2.08644055e-07 2.04348449e-07
 2.00135081e-07 1.96002513e-07 1.91949331e-07 1.87974141e-07
 1.84075572e-07 1.80252273e-07 1.76502917e-07 1.72826195e-07
 1.69220818e-07 1.65685521e-07 1.62219056e-07 1.58820194e-07
 1.55487729e-07 1.52220471e-07 1.49017251e-07 1.45876916e-07
 1.42798336e-07 1.39780394e-07 1.36821996e-07 1.33922061e-07
 1.31079528e-07 1.28293354e-07 1.25562511e-07 1.22885988e-07
 1.20262793e-07 1.17691948e-07 1.15172490e-07 1.12703475e-07
 1.10283973e-07 1.07913068e-07 1.05589862e-07 1.03313469e-07
 1.01083021e-07 9.88976620e-08 9.67565512e-08 9.46588619e-08
 9.26037813e-08 9.05905104e-08 8.86182635e-08 8.66862684e-08
 8.47937660e-08 8.29400102e-08 8.11242673e-08 7.93458166e-08
 7.76039496e-08 7.58979697e-08 7.42271927e-08 7.25909461e-08
 7.09885689e-08 6.94194117e-08 6.78828364e-08 6.63782159e-08
 6.49049342e-08 6.34623860e-08 6.20499765e-08 6.06671217e-08
 5.93132475e-08 5.79877903e-08 5.66901961e-08 5.54199210e-08
 5.41764307e-08 5.29592004e-08 5.17677146e-08 5.06014673e-08
 4.94599611e-08 4.83427081e-08 4.72492286e-08 4.61790521e-08
 4.51317163e-08 4.41067672e-08 4.31037593e-08 4.21222552e-08
 4.11618252e-08 4.02220476e-08 3.93025087e-08 3.84028019e-08
 3.75225284e-08 3.66612966e-08 3.58187224e-08 3.49944284e-08
 3.41880446e-08 3.33992075e-08 3.26275607e-08 3.18727542e-08
 3.11344448e-08 3.04122954e-08 2.97059755e-08 2.90151607e-08
 2.83395327e-08 2.76787794e-08 2.70325943e-08 2.64006769e-08
 2.57827324e-08 2.51784716e-08 2.45876108e-08 2.40098718e-08
 2.34449815e-08 2.28926723e-08 2.23526816e-08 2.18247519e-08
 2.13086307e-08 2.08040704e-08 2.03108280e-08 1.98286655e-08
 1.93573494e-08 1.88966506e-08 1.84463448e-08 1.80062118e-08
 1.75760359e-08 1.71556054e-08 1.67447131e-08 1.63431557e-08
 1.59507338e-08 1.55672522e-08 1.51925193e-08 1.48263476e-08
 1.44685531e-08 1.41189555e-08 1.37773782e-08 1.34436481e-08
 1.31175954e-08 1.27990541e-08 1.24878611e-08 1.21838569e-08
 1.18868850e-08 1.15967922e-08 1.13134284e-08 1.10366466e-08
 1.07663026e-08 1.05022553e-08 1.02443665e-08 9.99250059e-09
 9.74652504e-09 9.50630987e-09 9.27172781e-09 9.04265422e-09
 8.81896703e-09 8.60054666e-09 8.38727606e-09 8.17904058e-09
 7.97572794e-09 7.77722821e-09 7.58343377e-09 7.39423923e-09
 7.20954140e-09 7.02923926e-09 6.85323391e-09 6.68142855e-09
 6.51372838e-09 6.35004064e-09 6.19027451e-09 6.03434110e-09
 5.88215340e-09 5.73362626e-09 5.58867633e-09 5.44722205e-09
 5.30918360e-09 5.17448285e-09 5.04304338e-09 4.91479037e-09
 4.78965065e-09 4.66755259e-09 4.54842613e-09 4.43220271e-09
 4.31881527e-09 4.20819818e-09 4.10028727e-09 3.99501973e-09
 3.89233413e-09 3.79217041e-09 3.69446979e-09 3.59917478e-09
 3.50622917e-09 3.41557796e-09 3.32716739e-09 3.24094486e-09
 3.15685895e-09 3.07485936e-09 2.99489691e-09 2.91692353e-09
 2.84089219e-09 2.76675693e-09 2.69447279e-09 2.62399584e-09
 2.55528311e-09 2.48829262e-09 2.42298331e-09 2.35931504e-09
 2.29724859e-09 2.23674561e-09 2.17776864e-09 2.12028103e-09
 2.06424698e-09 2.00963152e-09 1.95640044e-09 1.90452033e-09
 1.85395855e-09 1.80468317e-09 1.75666303e-09 1.70986766e-09
 1.66426729e-09 1.61983284e-09 1.57653591e-09 1.53434872e-09
 1.49324418e-09 1.45319578e-09 1.41417765e-09 1.37616451e-09]"
