x,density
0.2311111111111111,0.00046902964413948804
10.200283895006118,0.00047260749585209517
20.169456678901124,0.00047603979452190236
30.138629462796132,0.00047932365761533586
40.107802246691136,0.00048245637201369635
50.07697503058614,0.0004854353984974194
60.04614781448115,0.0004882583758782817
70.01532059837615,0.0004909231247694533
79.98449338227115,0.0004934276509843342
89.95366616616616,0.0004957701485562188
99.92283895006116,0.000497949002371966
109.89201173395617,0.0004999627904139502
119.86118451785119,0.0005018102856057809
129.8303573017462,0.0005034904572584032
139.7995300856412,0.0005050024721143828
149.7687028695362,0.0005063456949893718
159.73787565343122,0.000507519689010907
169.70704843732622,0.0005085242154558841
179.67622122122123,0.0005093592331891889
189.64539400511623,0.0005100248977071571
199.61456678901123,0.000510521559790611
209.58373957290624,0.0005108497637733575
219.55291235680124,0.0005110102454331187
229.52208514069625,0.0005110039295128693
239.49125792459128,0.0005108319268816256
249.46043070848629,0.000510495531344651
259.42960349238126,0.0005099962161140146
269.39877627627624,0.0005093356299512944
279.36794906017127,0.0005085155929950813
289.33712184406625,0.0005075380922867092
299.3062946279613,0.0005064052770083809
309.27546741185625,0.0005051194534485265
319.2446401957513,0.0005036830797098765
329.2138129796463,0.0005020987601762562
339.1829857635413,0.0005003692397546532
349.15215854743633,0.0004984973979095004
359.1213313313313,0.0004964862425065486
369.09050411522634,0.0004943389034839569
379.0596768991213,0.000492058626368534
389.02884968301635,0.0004896487656552064
398.9980224669113,0.00048711277806793305
408.96719525080636,0.00048445421572034317
418.93636803470133,0.00048167671919436997
428.90554081859636,0.00047878401055507087
438.87471360249134,0.0004757798863197348
448.8438863863864,0.0004726682103991575
458.81305917028135,0.0004694529070287515
468.7822319541764,0.00046613795370684336
478.7514047380714,0.0004627273741571732
488.7205775219664,0.00045922523133220687
498.6897503058614,0.00045563562047343177
508.6589230897564,0.0004519626622442943
518.6280958736514,0.00044821049595093147
528.5972686575465,0.00044438327286523975
538.5664414414414,0.0004404851496642417
548.5356142253364,0.0004365202819990426
558.5047870092314,0.00043249281820600613
568.4739597931265,0.00042840689317206896
578.4431325770214,0.0004242666223653799
588.4123053609164,0.00042007609604171936
598.3814781448115,0.00041583937363635947
608.3506509287065,0.0004115604783502832
618.3198237126014,0.0004072433919388481
628.2889964964965,0.00040289204971022174
638.2581692803915,0.0003985103357400875
648.2273420642865,0.00039410207830832165
658.1965148481816,0.00038967104556256204
668.1656876320765,0.0003852209414127597
678.1348604159715,0.0003807554016600424
688.1040331998665,0.00037627799036244754
698.0732059837616,0.00037179219643928375
708.0423787676565,0.0003673014305151835
718.0115515515515,0.0003628090220041447
727.9807243354466,0.00035831821643316793
737.9498971193416,0.0003538321730044025
747.9190699032365,0.00034935396239408196
757.8882426871315,0.00034488656478585483
767.8574154710266,0.0003404328681355585
777.8265882549216,0.00033599566666387196
787.7957610388165,0.0003315776595727767
797.7649338227116,0.0003271814499812099
807.7341066066066,0.0003228095440748385
817.7032793905016,0.00031846435046444617
827.6724521743967,0.00031414817974698985
837.6416249582916,0.00030986324426303044
847.6107977421866,0.0003056116580439036
857.5799705260816,0.00030139543694168
867.5491433099767,0.0002972164989347092
877.5183160938716,0.00029307666460130034
887.4874888777666,0.00028897765775390255
897.4566616616617,0.0002849211062259728
907.4258344455567,0.000280908542803602
917.3950072294516,0.00027694140629385766
927.3641800133466,0.00027302104272174885
937.3333527972417,0.00026914870664767633
947.3025255811367,0.00026532556259722544
957.2716983650317,0.00026155268659518416
967.2408711489267,0.00025783106779573103
977.2100439328217,0.0002541616102007849
987.1792167167167,0.0002505451344586481
997.1483895006118,0.00024698237973517183
1007.1175622845067,0.00024347400564982716
1017.0867350684017,0.00024002059426924156
1027.0559078522967,0.00023662265215093403
1037.025080636192,0.00023328061243018866
1046.9942534200868,0.00022999483694323493
1056.963426203982,0.00022676561838011936
1066.9325989878769,0.00022359318246091447
1076.9017717717718,0.0002204776901291524
1086.870944555667,0.00021741923975665352
1096.8401173395619,0.00021441786935417613
1106.8092901234568,0.00021147355878260325
1116.778462907352,0.00020858623195966862
1126.7476356912468,0.00020575575905750428
1136.716808475142,0.00020298195868658907
1146.685981259037,0.00020026460006196818
1156.6551540429318,0.00019760340514789787
1166.624326826827,0.000194998050777372
1176.593499610722,0.0001924481707432549
1186.562672394617,0.00018995335785804978
1196.531845178512,0.00018751316597958735
1206.5010179624069,0.0001851271120002088
1216.470190746302,0.00018279467779727584
1226.439363530197,0.00018051531214309646
1236.4085363140919,0.00017828843257260997
1246.377709097987,0.0001761134272074169
1256.346881881882,0.00017398965653496356
1266.316054665777,0.00017191645514192544
1276.285227449672,0.00016989313340103464
1286.254400233567,0.0001679189791108097
1296.223573017462,0.00016599325908782356
1306.192745801357,0.00016411522071134218
1316.1619185852521,0.0001622840934203168
1326.131091369147,0.0001604990901628862
1336.100264153042,0.0001587594087986808
1346.069436936937,0.0001570642334543622
1356.038609720832,0.00015541273583295108
1366.007782504727,0.00015380407647761047
1375.976955288622,0.00015223740599064993
1385.946128072517,0.00015071186620861703
1395.9153008564122,0.00014922659133440397
1405.884473640307,0.00014778070902739092
1415.853646424202,0.00014637334145268206
1425.8228192080971,0.00014500360629056538
1435.791991991992,0.00014367061770734706
1445.7611647758872,0.0001423734872887593
1455.7303375597821,0.00014111132493715368
1465.699510343677,0.00013988323973371589
1475.6686831275722,0.00013868834076693814
1485.637855911467,0.00013752573792859488
1495.607028695362,0.00013639454267845382
1505.5762014792572,0.0001352938687789494
1515.545374263152,0.0001342228330010245
1525.5145470470472,0.00013318055580232156
1535.4837198309422,0.00013216616197888763
1545.452892614837,0.00013117878129150428
1555.4220653987322,0.00013021754906774577
1565.3912381826271,0.0001292816067808065
1575.360410966522,0.00012837010260610465
1585.3295837504172,0.00012748219195663122
1595.2987565343121,0.00012661703799795126
1605.2679293182073,0.0001257738121437335
1615.2371021021022,0.0001249516945326169
1625.2062748859971,0.00012414987448718535
1635.1754476698923,0.00012336755095576217
1645.1446204537872,0.00012260393293768687
1655.1137932376823,0.00012185823989268277
1665.0829660215772,0.00012112970213487459
1675.0521388054722,0.00012041756121196097
1685.0213115893673,0.00011972107026999946
1694.9904843732622,0.0001190394944042079
1704.9596571571572,0.00011837211099614169
1714.9288299410523,0.00011771821003755866
1724.8980027249472,0.00011707709444123581
1734.8671755088424,0.00011644808033896173
1744.8363482927373,0.00011583049736688668
1754.8055210766322,0.00011522368893837108
1764.7746938605273,0.00011462701250443625
1774.7438666444223,0.00011403983980189291
1784.7130394283174,0.00011346155708917689
1794.6822122122123,0.0001128915653699084
1804.6513849961073,0.00011232928060414649
1814.6205577800024,0.00011177413390730308
1824.5897305638973,0.00011122557173664095
1834.5589033477922,0.00011068305606527522
1844.5280761316874,0.00011014606454357022
1854.4972489155823,0.00010961409064781533
1864.4664216994775,0.00010908664381604673
1874.4355944833724,0.00010856324957087548
1884.4047672672673,0.00010804344962917633
1894.3739400511624,0.0001075268019984798
1904.3431128350574,0.00010701288105991675
1914.3122856189525,0.0001065012776375589
1924.2814584028474,0.00010599159905400358
1934.2506311867423,0.0001054834691720518
1944.2198039706375,0.00010497652842234064
1954.1889767545324,0.00010447043381679438
1964.1581495384273,0.00010396485894777022
1974.1273223223225,0.0001034594939727913
1984.0964951062174,0.00010295404558476363
1994.0656678901125,0.00010244823696760005
2004.0348406740075,0.00010194180773718349
2014.0040134579024,0.00010143451386762324
2023.9731862417975,0.00010092612760277722
2033.9423590256924,0.00010041643735303402
2043.9115318095874,9.990524757736918e-05
2053.8807045934823,9.939237865071629e-05
2063.8498773773777,9.887766671671154e-05
2073.8190501612726,9.836096352590133e-05
2083.7882229451675,9.784213625952272e-05
2093.7573957290624,9.732106733899316e-05
2103.7265685129573,9.679765422127351e-05
2113.6957412968527,9.627180918029375e-05
2123.6649140807476,9.574345907465316e-05
2133.6340868646425,9.52125451018434e-05
2143.6032596485375,9.467902253925389e-05
2153.5724324324324,9.414286047226288e-05
2163.5416052163278,9.360404150972753e-05
2173.5107780002227,9.306256148722164e-05
2183.4799507841176,9.251842915839262e-05
2193.4491235680125,9.197166587483047e-05
2203.4182963519074,9.142230525487131e-05
2213.3874691358023,9.087039284177497e-05
2223.3566419196977,9.031598575174223e-05
2233.3258147035926,8.975915231225782e-05
2243.2949874874876,8.919997169126464e-05
2253.2641602713825,8.86385335176948e-05
2263.2333330552774,8.807493749390226e-05
2273.2025058391728,8.750929300055166e-05
2283.1716786230677,8.69417186945474e-05
2293.1408514069626,8.637234210058445e-05
2303.1100241908575,8.580129919692743e-05
2313.0791969747524,8.522873399603072e-05
2323.048369758648,8.465479812062241e-05
2333.0175425425427,8.407965037588191e-05
2342.9867153264377,8.350345631835179e-05
2352.9558881103326,8.292638782222384e-05
2362.9250608942275,8.23486226436474e-05
2372.894233678123,8.177034398370625e-05
2382.863406462018,8.119174005071135e-05
2392.8325792459127,8.061300362245723e-05
2402.8017520298076,8.003433160908405e-05
2412.7709248137025,7.945592461718204e-05
2422.740097597598,7.887798651577047e-05
2432.709270381493,7.830072400477624e-05
2442.6784431653878,7.77243461866218e-05
2452.6476159492827,7.71490641415292e-05
2462.6167887331776,7.657509050712671e-05
2472.5859615170725,7.600263906293763e-05
2482.555134300968,7.543192432030742e-05
2492.524307084863,7.486316111831672e-05
2502.4934798687577,7.429656422620606e-05
2512.4626526526527,7.373234795281765e-05
2522.4318254365476,7.317072576354187e-05
2532.400998220443,7.261190990523684e-05
2542.370171004338,7.205611103956199e-05
2552.339343788233,7.150353788514893e-05
2562.3085165721277,7.095439686900694e-05
2572.2776893560226,7.040889178753841e-05
2582.246862139918,6.98672234775112e-05
2592.216034923813,6.93295894973136e-05
2602.185207707708,6.879618381879204e-05
2612.1543804916028,6.826719652994302e-05
2622.1235532754977,6.774281354870773e-05
2632.092726059393,6.722321634809301e-05
2642.061898843288,6.670858169281281e-05
2652.031071627183,6.619908138762412e-05
2662.000244411078,6.56948820375008e-05
2671.9694171949727,6.519614481976861e-05
2681.9385899788676,6.470302526829769e-05
2691.907762762763,6.421567306982512e-05
2701.876935546658,6.373423187245995e-05
2711.846108330553,6.325883910639428e-05
2721.8152811144478,6.278962581683149e-05
2731.7844538983427,6.232671650911147e-05
2741.753626682238,6.187022900600214e-05
2751.722799466133,6.142027431710108e-05
2761.691972250028,6.097695652027571e-05
2771.661145033923,6.054037265505274e-05
2781.6303178178177,6.011061262785357e-05
2791.599490601713,5.968775912895195e-05
2801.568663385608,5.9271887561025796e-05
2811.537836169503,5.886306597915096e-05
2821.507008953398,5.8461355042082277e-05
2831.476181737293,5.806680797465384e-05
2841.445354521188,5.767947054111816e-05
2851.414527305083,5.7299381029239866e-05
2861.383700088978,5.692657024495013e-05
2871.352872872873,5.656106151736199e-05
2881.322045656768,5.620287071394102e-05
2891.291218440663,5.585200626562283e-05
2901.260391224558,5.55084692016645e-05
2911.229564008453,5.517225319401233e-05
2921.198736792348,5.48433446109727e-05
2931.167909576243,5.452172257996224e-05
2941.137082360138,5.4207359059121924e-05
2951.106255144033,5.390021891757431e-05
2961.075427927928,5.360026002410491e-05
2971.044600711823,5.3307433344049585e-05
2981.013773495718,5.30216830441723e-05
2990.982946279613,5.2742946605316184e-05
3000.9521190635082,5.247115494261559e-05
3010.921291847403,5.220623253305596e-05
3020.890464631298,5.1948097550171416e-05
3030.859637415193,5.169666200567172e-05
3040.828810199088,5.145183189779125e-05
3050.7979829829833,5.121350736615358e-05
3060.767155766878,5.098158285294757e-05
3070.736328550773,5.075594727021078e-05
3080.705501334668,5.053648417301704e-05
3090.674674118563,5.032307193836309e-05
3100.6438469024583,5.011558394955225e-05
3110.6130196863533,4.991388878586894e-05
3120.582192470248,4.9717850417336965e-05
3130.551365254143,4.952732840435429e-05
3140.520538038038,4.9342178101991945e-05
3150.489710821933,4.916225086874228e-05
3160.4588836058283,4.898739427950048e-05
3170.428056389723,4.881745234255221e-05
3180.397229173618,4.8652265720344844e-05
3190.366401957513,4.849167195380474e-05
3200.335574741408,4.833550568996394e-05
3210.3047475253034,4.818359891264893e-05
3220.2739203091983,4.8035781175979375e-05
3230.243093093093,4.789187984041633e-05
3240.212265876988,4.7751720311092135e-05
3250.181438660883,4.7615126278145795e-05
3260.1506114447784,4.7481919958779695e-05
3270.1197842286733,4.7351922340745075e-05
3280.0889570125682,4.7224953426954723e-05
3290.058129796463,4.7100832480914424e-05
3300.027302580358,4.69793782726532e-05
3309.9964753642535,4.686040932482842e-05
3319.9656481481484,4.6743744158669056e-05
3329.9348209320433,4.662920153941754e-05
3339.903993715938,4.651660072091934e-05
3349.873166499833,4.640576168900481e-05
3359.8423392837285,4.6296505403302324e-05
3369.8115120676234,4.6188654037113095e-05
3379.7806848515183,4.60820312149785e-05
3389.7498576354133,4.5976462247560814e-05
3399.719030419308,4.587177436346025e-05
3409.688203203203,4.5767796937587974e-05
3419.6573759870985,4.566436171571145e-05
3429.6265487709934,4.556130303479237e-05
3439.5957215548883,4.5458458038735925e-05
3449.5648943387832,4.535566688917503e-05
3459.534067122678,4.525277297091472e-05
3469.5032399065735,4.514962309166927e-05
3479.4724126904684,4.5046067675729985e-05
3489.4415854743634,4.4941960951208305e-05
3499.4107582582583,4.4837161130511634e-05
3509.379931042153,4.4731530583714906e-05
3519.3491038260486,4.462493600450667e-05
3529.3182766099435,4.451724856840038e-05
3539.2874493938384,4.440834408291473e-05
3549.2566221777333,4.429810312944443e-05
3559.2257949616283,4.4186411196558296e-05
3569.1949677455236,4.4073158804481646e-05
3579.1641405294185,4.39582416205351e-05
3589.1333133133135,4.384156056532721e-05
3599.1024860972084,4.3723021909514745e-05
3609.0716588811033,4.360253736097021e-05
3619.040831664998,4.348002414221606e-05
3629.0100044488936,4.335540505801016e-05
3638.9791772327885,4.322860855299052e-05
3648.9483500166834,4.309956875931264e-05
3658.9175228005784,4.296822553423534e-05
3668.8866955844733,4.2834524487639955e-05
3678.8558683683686,4.269841699948914e-05
3688.8250411522636,4.2559860227259315e-05
3698.7942139361585,4.241881710340577e-05
3708.7633867200534,4.227525632294328e-05
3718.7325595039483,4.2129152321251365e-05
3728.7017322878437,4.198048524223636e-05
3738.6709050717386,4.182924089700758e-05
3748.6400778556335,4.167541071324669e-05
3758.6092506395285,4.151899167547222e-05
3768.5784234234234,4.1359986256423564e-05
3778.5475962073187,4.119840233980819e-05
3788.5167689912137,4.103425313467555e-05
3798.4859417751086,4.0867557081700404e-05
3808.4551145590035,4.069833775167499e-05
3818.4242873428984,4.052662373652407e-05
3828.393460126794,4.0352448533175136e-05
3838.3626329106887,4.0175850420624804e-05
3848.3318056945836,3.9996872330556925e-05
3858.3009784784786,3.9815561711878987e-05
3868.2701512623735,3.963197038954888e-05
3878.2393240462684,3.944615441807579e-05
3888.2084968301638,3.925817393007926e-05
3898.1776696140587,3.906809298030219e-05
3908.1468423979536,3.8875979385468236e-05
3918.1160151818485,3.8681904560381166e-05
3928.0851879657434,3.8485943350661294e-05
3938.054360749639,3.828817386251167e-05
3948.0235335335337,3.808867728990671e-05
3957.9927063174287,3.788753773958688e-05
3967.9618791013236,3.7684842054242605e-05
3977.9310518852185,3.748067963425947e-05
3987.900224669114,3.727514225839138e-05
3997.869397453009,3.7068323903717505e-05
4007.8385702369037,3.686032056523133e-05
4017.8077430207986,3.665123007539505e-05
4027.7769158046935,3.644115192398521e-05
4037.746088588589,3.6230187078540895e-05
4047.715261372484,3.6018437805711484e-05
4057.6844341563788,3.580600749379042e-05
4067.6536069402737,3.559300047670532e-05
4077.6227797241686,3.537952185971999e-05
4087.5919525080635,3.516567734709279e-05
4097.561125291959,3.495157307191569e-05
4107.530298075853,3.4737315428350035e-05
4117.499470859749,3.452301090645441e-05
4127.468643643644,3.4308765929790516e-05
4137.437816427539,3.4094686695976025e-05
4147.406989211434,3.388087902033989e-05
4157.376161995328,3.36674481828242e-05
4167.345334779224,3.3454498778259866e-05
4177.314507563119,3.324213457013618e-05
4187.283680347014,3.303045834796761e-05
4197.252853130909,3.281957178835337e-05
4207.222025914803,3.2609575319814066e-05
4217.191198698699,3.240056799147907e-05
4227.160371482594,3.2192647345690865e-05
4237.129544266489,3.1985909294584154e-05
4247.098717050384,3.1780448000688566e-05
4257.0678898342785,3.157635576160077e-05
4267.037062618174,3.137372289876238e-05
4277.006235402069,3.117263765037778e-05
4286.975408185964,3.0973186068500854e-05
4296.944580969859,3.0775451920316466e-05
4306.913753753754,3.0579516593639495e-05
4316.882926537649,3.038545900665333e-05
4326.852099321544,3.0193355521907436e-05
4336.821272105439,3.0003279864593306e-05
4346.790444889334,2.981530304511757e-05
4356.759617673229,2.9629493285992566e-05
4366.728790457124,2.9445915953063217e-05
4376.697963241019,2.9264633491092672e-05
4386.667136024914,2.908570536372761e-05
4396.636308808809,2.8909187997868836e-05
4406.605481592704,2.873513473247123e-05
4416.574654376599,2.856359577180129e-05
4426.5438271604935,2.839461814318072e-05
4436.512999944389,2.822824565924606e-05
4446.482172728284,2.8064518884757086e-05
4456.451345512179,2.790347510798551e-05
4466.420518296074,2.7745148316718285e-05
4476.3896910799685,2.7589569178909384e-05
4486.358863863864,2.7436765028013337e-05
4496.328036647759,2.7286759853033937e-05
4506.297209431654,2.713957429332019e-05
4516.266382215549,2.699522563813922e-05
4526.235554999444,2.6853727831053824e-05
4536.204727783339,2.6715091479129326e-05
4546.173900567234,2.657932386698981e-05
4556.143073351129,2.644642897573947e-05
4566.112246135024,2.6316407506759436e-05
4576.081418918919,2.618925691038426e-05
4586.050591702814,2.6064971419454005e-05
4596.019764486709,2.5943542087732316e-05
4605.988937270604,2.5824956833169505e-05
4615.958110054499,2.5709200485982617e-05
4625.927282838394,2.559625484151297e-05
4635.896455622289,2.548609871781118e-05
4645.865628406184,2.537870801788859e-05
4655.834801190079,2.5274055796561265e-05
4665.803973973974,2.5172112331801283e-05
4675.773146757869,2.507284520049551e-05
4685.742319541764,2.497621935849987e-05
4695.7114923256595,2.4882197224862466e-05
4705.680665109554,2.4790738770075857e-05
4715.649837893449,2.4701801608202755e-05
4725.619010677344,2.4615341092707536e-05
4735.588183461239,2.4531310415809488e-05
4745.5573562451345,2.4449660711160868e-05
4755.526529029029,2.4370341159638204e-05
4765.495701812924,2.4293299098021818e-05
4775.464874596819,2.421848013032557e-05
4785.434047380714,2.41458282415248e-05
4795.40322016461,2.4075285913419943e-05
4805.372392948504,2.400679424236041e-05
4815.341565732399,2.3940293058543264e-05
4825.310738516294,2.387572104659079e-05
4835.279911300189,2.3813015867102683e-05
4845.249084084085,2.375211427887051e-05
4855.218256867979,2.3692952261435076e-05
4865.1874296518745,2.3635465137661823e-05
4875.156602435769,2.3579587696005524e-05
4885.125775219664,2.3525254312131808e-05
4895.094948003559,2.3472399069562045e-05
4905.064120787454,2.34209558790074e-05
4915.0332935713495,2.3370858596059686e-05
4925.002466355244,2.3322041136908626e-05
4934.971639139139,2.3274437591760276e-05
4944.940811923034,2.3227982335636313e-05
4954.909984706929,2.3182610136241714e-05
4964.879157490825,2.3138256258597083e-05
4974.848330274719,2.309485656614195e-05
4984.817503058614,2.3052347618027363e-05
4994.786675842509,2.3010666762329985e-05
5004.755848626404,2.2969752224932798e-05
5014.7250214103,2.2929543193836187e-05
5024.694194194194,2.288997989867788e-05
5034.6633669780895,2.2851003685260734e-05
5044.632539761984,2.2812557084906133e-05
5054.601712545879,2.2774583878471863e-05
5064.570885329775,2.2737029154894827e-05
5074.540058113669,2.2699839364142492e-05
5084.5092308975645,2.2662962364479096e-05
5094.478403681459,2.262634746397801e-05
5104.447576465354,2.258994545623546e-05
5114.41674924925,2.2553708650266417e-05
5124.385922033144,2.251759089458873e-05
5134.35509481704,2.2481547595527086e-05
5144.324267600934,2.2445535729793863e-05
5154.293440384829,2.2409513851430053e-05
5164.262613168725,2.237344209321429e-05
5174.231785952619,2.233728216267281e-05
5184.200958736515,2.23009973328482e-05
5194.170131520409,2.2264552428008553e-05
5204.1393043043045,2.2227913804500973e-05
5214.1084770882,2.2191049326976885e-05
5224.077649872094,2.215392834023673e-05
5234.04682265599,2.2116521636962154e-05
5244.015995439884,2.2078801421622873e-05
5253.9851682237795,2.2040741270862203e-05
5263.954341007675,2.2002316090682207e-05
5273.923513791569,2.1963502070762904e-05
5283.892686575465,2.1924276636263693e-05
5293.861859359359,2.188461839746549e-05
5303.831032143255,2.18445070976223e-05
5313.80020492715,2.1803923559396912e-05
5323.769377711044,2.176284963026319e-05
5333.73855049494,2.1721268127258163e-05
5343.707723278834,2.167916278147154e-05
5353.67689606273,2.1636518182657533e-05
5363.646068846624,2.1593319724352633e-05
5373.615241630519,2.1549553549878284e-05
5383.584414414415,2.1505206499600312e-05
5393.553587198309,2.1460266059809202e-05
5403.522759982205,2.1414720313573672e-05
5413.491932766099,2.1368557893908916e-05
5423.4611055499945,2.132176793958508e-05
5433.43027833389,2.1274340053886322e-05
5443.399451117784,2.1226264266612296e-05
5453.36862390168,2.1177530999594532e-05
5463.337796685574,2.1128131035978734e-05
5473.30696946947,2.107805549350179e-05
5483.276142253365,2.102729580196725e-05
5493.245315037259,2.0975843685098944e-05
5503.214487821155,2.092369114692469e-05
5513.183660605049,2.0870830462815813e-05
5523.152833388945,2.0817254175278556e-05
5533.12200617284,2.0762955094565544e-05
5543.091178956734,2.070792630414535e-05
5553.06035174063,2.0652161171037726e-05
5563.029524524524,2.059565336099285e-05
5572.99869730842,2.053839685846145e-05
5582.967870092315,2.0480385991272887e-05
5592.9370428762095,2.0421615459907752e-05
5602.906215660105,2.036208037122234e-05
5612.875388443999,2.0301776276452218e-05
5622.844561227895,2.0240699213294407e-05
5632.81373401179,2.017884575183921e-05
5642.7829067956845,2.0116213044096682e-05
5652.75207957958,2.0052798876836323e-05
5662.721252363474,1.9988601727434978e-05
5672.69042514737,1.9923620822404558e-05
5682.659597931265,1.9857856198249784e-05
5692.62877071516,1.9791308764286966e-05
5702.597943499055,1.972398036703583e-05
5712.567116282949,1.9655873855781705e-05
5722.536289066845,1.9586993148890115e-05
5732.50546185074,1.951734330044439e-05
5742.474634634635,1.9446930566766934e-05
5752.44380741853,1.937576247237696e-05
5762.4129802024245,1.930384787493261e-05
5772.38215298632,1.9231197028701147e-05
5782.351325770215,1.915782164610171e-05
5792.32049855411,1.9083734956865414e-05
5802.289671338005,1.9008951764361847e-05
5812.2588441218995,1.893348849864821e-05
5822.228016905795,1.8857363265804552e-05
5832.197189689689,1.878059589313098e-05
5842.166362473585,1.87032079697948e-05
5852.13553525748,1.862522288253231e-05
5862.104708041375,1.854666584602637e-05
5872.07388082527,1.846756392760175e-05
5882.043053609164,1.8387946065901403e-05
5892.01222639306,1.8307843083230957e-05
5901.981399176955,1.8227287691283933e-05
5911.95057196085,1.8146314489987683e-05
5921.919744744745,1.8064959959238956e-05
5931.8889175286395,1.7983262443328046e-05
5941.858090312535,1.790126212788216e-05
5951.82726309643,1.7819001009191906e-05
5961.796435880325,1.7736522855817535e-05
5971.76560866422,1.7653873162407624e-05
5981.7347814481145,1.7571099095697128e-05
5991.70395423201,1.7488249432687957e-05
6001.673127015905,1.7405374491052206e-05
6011.6422997998,1.732252605183342e-05
6021.611472583695,1.7239757274558614e-05
6031.58064536759,1.7157122604910357e-05
6041.549818151485,1.7074677675143096e-05
6051.51899093538,1.6992479197464962e-05
6061.488163719275,1.691058485063984e-05
6071.45733650317,1.6829053160099513e-05
6081.426509287065,1.6747943371888437e-05
6091.39568207096,1.666731532079529e-05
6101.364854854855,1.6587229293056773e-05
6111.33402763875,1.6507745884047956e-05
6121.303200422645,1.6428925851400682e-05
6131.27237320654,1.6350829964018438e-05
6141.241545990435,1.6273518847479095e-05
6151.21071877433,1.6197052826339597e-05
6161.179891558225,1.6121491763876508e-05
6171.14906434212,1.604689489981415e-05
6181.118237126015,1.5973320686607692e-05
6191.08740990991,1.5900826624861524e-05
6201.0565826938055,1.5829469098474638e-05
6211.0257554777,1.5759303210112226e-05
6220.994928261595,1.5690382617609393e-05
6230.96410104549,1.5622759371915616e-05
6240.933273829385,1.555648375718951e-05
6250.9024466132805,1.549160413365156e-05
6260.871619397175,1.5428166783797966e-05
6270.84079218107,1.5366215762571782e-05
6280.809964964965,1.5305792752077992e-05
6290.77913774886,1.5246936921417063e-05
6300.748310532755,1.5189684792196716e-05
6310.71748331665,1.5134070110265256e-05
6320.686656100545,1.5080123724189803e-05
6330.65582888444,1.5027873470981781e-05
6340.625001668335,1.4977344069547773e-05
6350.59417445223,1.4928557022318522e-05
6360.563347236125,1.4881530525480589e-05
6370.5325200200205,1.4836279388205579e-05
6380.501692803915,1.4792814961240953e-05
6390.47086558781,1.4751145075192453e-05
6400.440038371705,1.4711273988794679e-05
6410.4092111556,1.4673202347429802e-05
6420.3783839394955,1.4636927152117779e-05
6430.34755672339,1.4602441739163167e-05
6440.316729507285,1.4569735770605145e-05
6450.28590229118,1.4538795235576893e-05
6460.255075075075,1.4509602462641559e-05
6470.224247858971,1.4482136143130179e-05
6480.193420642865,1.4456371365467364e-05
6490.16259342676,1.4432279660428792e-05
6500.131766210655,1.4409829057234584e-05
6510.10093899455,1.4388984150341931e-05
6520.070111778446,1.4369706176760513e-05
6530.03928456234,1.4351953103674868e-05
6540.008457346235,1.4335679726119499e-05
6549.97763013013,1.4320837774414791e-05
6559.946802914025,1.4307376031035466e-05
6569.915975697921,1.4295240456547807e-05
6579.885148481815,1.4284374324218236e-05
6589.8543212657105,1.4274718362863361e-05
6599.823494049605,1.4266210907480916e-05
6609.7926668335,1.4258788057171893e-05
6619.761839617396,1.4252383839837458e-05
6629.73101240129,1.424693038310857e-05
6639.700185185186,1.4242358090943997e-05
6649.66935796908,1.4238595825310576e-05
6659.638530752975,1.4235571092342001e-05
6669.607703536871,1.4233210232355364e-05
6679.576876320765,1.4231438613091308e-05
6689.546049104661,1.4230180825531755e-05
6699.515221888555,1.4229360881640677e-05
6709.48439467245,1.422890241336658e-05
6719.453567456346,1.4228728872241357e-05
6729.42274024024,1.4228763728909268e-05
6739.391913024136,1.422893067192027e-05
6749.36108580803,1.422915380512608e-05
6759.3302585919255,1.4229357843023377e-05
6769.29943137582,1.422946830339706e-05
6779.268604159715,1.422941169662774e-05
6789.237776943611,1.4229115711041033e-05
6799.206949727505,1.422850939369208e-05
6809.1761225114005,1.4227523325996505e-05
6819.145295295295,1.4226089793639816e-05
6829.11446807919,1.4224142950218785e-05
6839.083640863086,1.4221618974093489e-05
6849.05281364698,1.4218456217954218e-05
6859.021986430876,1.4214595350636072e-05
6868.99115921477,1.4209979490743094e-05
6878.960331998665,1.42045543316757e-05
6888.929504782561,1.4198268257687336e-05
6898.898677566455,1.419107245063039e-05
6908.867850350351,1.4182920987086593e-05
6918.837023134245,1.4173770925613008e-05
6928.8061959181405,1.4163582383872042e-05
6938.775368702036,1.415231860545114e-05
6948.74454148593,1.4139946016216558e-05
6958.713714269826,1.4126434270083825e-05
6968.68288705372,1.4111756284126915e-05
6978.6520598376155,1.4095888262986727e-05
6988.621232621511,1.4078809712578828e-05
6998.590405405405,1.4060503443138915e-05
7008.559578189301,1.404095556168323e-05
7018.528750973195,1.4020155453998706e-05
7028.497923757091,1.3998095756315368e-05
7038.467096540986,1.397477231684962e-05
7048.43626932488,1.3950184147442878e-05
7058.405442108776,1.3924333365554548e-05
7068.37461489267,1.3897225126901451e-05
7078.343787676566,1.3868867549068178e-05
7088.312960460461,1.3839271626442983e-05
7098.2821332443555,1.3808451136863302e-05
7108.251306028251,1.3776422540382064e-05
7118.220478812145,1.3743204870591719e-05
7128.189651596041,1.3708819618966553e-05
7138.158824379936,1.3673290612706054e-05
7148.1279971638305,1.3636643886581422e-05
7158.097169947726,1.3598907549305593e-05
7168.06634273162,1.3560111644962603e-05
7178.035515515516,1.3520288010045523e-05
7188.004688299411,1.3479470126663736e-05
7197.973861083306,1.3437692972489098e-05
7207.943033867201,1.3394992868017436e-05
7217.912206651095,1.3351407321726437e-05
7227.881379434991,1.3306974873712932e-05
7237.850552218885,1.3261734938392891e-05
7247.819725002781,1.321572764684476e-05
7257.788897786676,1.3168993689372714e-05
7267.75807057057,1.3121574158859109e-05
7277.727243354466,1.30735103954672e-05
7287.69641613836,1.3024843833243758e-05
7297.665588922256,1.2975615849158245e-05
7307.634761706151,1.292586761510063e-05
7317.6039344900455,1.2875639953342625e-05
7327.573107273941,1.2824973195948636e-05
7337.542280057835,1.2773907048602478e-05
7347.511452841731,1.2722480459293511e-05
7357.480625625626,1.26707314922827e-05
7367.449798409521,1.2618697207744104e-05
7377.418971193416,1.2566413547450546e-05
7387.38814397731,1.2513915226845747e-05
7397.357316761206,1.246123563381561e-05
7407.326489545101,1.2408406734442923e-05
7417.295662328996,1.235545898599866e-05
7427.264835112891,1.2302421257392803e-05
7437.234007896785,1.2249320757275827e-05
7447.203180680681,1.2196182969950045e-05
7457.172353464576,1.2143031599218246e-05
7467.141526248471,1.2089888520264287e-05
7477.110699032366,1.2036773739628381e-05
7487.0798718162605,1.1983705363307541e-05
7497.049044600156,1.19306995729795e-05
7507.018217384051,1.1877770610317387e-05
7516.987390167946,1.1824930769330715e-05
7526.956562951841,1.1772190396638541e-05
7536.9257357357355,1.171955789955053e-05
7546.894908519631,1.1667039761802995e-05
7556.864081303526,1.161464056676921e-05
7566.833254087421,1.15623630279366e-05
7576.802426871316,1.1510208026417576e-05
7586.771599655211,1.1458174655236813e-05
7596.740772439106,1.1406260270114665e-05
7606.709945223001,1.1354460546444866e-05
7616.679118006896,1.1302769542144607e-05
7626.648290790791,1.1251179766036918e-05
7636.617463574686,1.1199682251408118e-05
7646.586636358581,1.1148266634368175e-05
7656.555809142476,1.1096921236628389e-05
7666.524981926371,1.1045633152299121e-05
7676.494154710266,1.0994388338300312e-05
7686.463327494161,1.094317170796985e-05
7696.432500278056,1.0891967227447965e-05
7706.4016730619505,1.084075801441208e-05
7716.370845845846,1.0789526438733344e-05
7726.340018629741,1.0738254224625602e-05
7736.309191413636,1.0686922553858349e-05
7746.278364197531,1.0635512169607858e-05
7756.247536981426,1.0584003480525263e-05
7766.216709765321,1.0532376664606303e-05
7776.185882549216,1.048061177245498e-05
7786.155055333111,1.0428688829543243e-05
7796.124228117006,1.037658793707864e-05
7806.093400900901,1.0324289371105082e-05
7816.062573684796,1.0271773679474563e-05
7826.031746468691,1.021902177634327e-05
7836.000919252586,1.016601503386089e-05
7845.970092036481,1.0112735370739738e-05
7855.939264820376,1.0059165337407978e-05
7865.908437604271,1.0005288197470752e-05
7875.877610388166,9.951088005222798e-06
7885.846783172061,9.896549678976837e-06
7895.815955955956,9.841659069993403e-06
7905.785128739851,9.786403026819865e-06
7915.754301523746,9.730769454868172e-06
7925.7234743076415,9.674747371084186e-06
7935.692647091536,9.618326953583678e-06
7945.661819875431,9.561499586153608e-06
7955.630992659326,9.504257897539905e-06
7965.600165443221,9.446595795466049e-06
7975.5693382271165,9.388508495349733e-06
7985.538511011011,9.329992543706802e-06
7995.507683794906,9.271045836254388e-06
8005.476856578801,9.211667630746511e-06
8015.446029362696,9.151858554596328e-06
8025.415202146592,9.091620607360263e-06
8035.384374930486,9.03095715817838e-06
8045.353547714381,8.96987293828469e-06
8055.322720498276,8.908374028719355e-06
8065.291893282171,8.846467843391382e-06
8075.261066066067,8.78416310765748e-06
8085.230238849961,8.721469832597066e-06
8095.1994116338565,8.65839928517819e-06
8105.168584417751,8.594963954521876e-06
8115.137757201646,8.531177514484144e-06
8125.106929985541,8.467054782785695e-06
8135.076102769436,8.402611676928711e-06
8145.0452755533315,8.33786516714829e-06
8155.014448337226,8.272833226652935e-06
8164.983621121121,8.207534779414148e-06
8174.952793905016,8.14198964576989e-06
8184.921966688911,8.076218486109018e-06
8194.891139472806,8.010242742906682e-06
8204.8603122567,7.944084581380271e-06
8214.829485040595,7.8777668290357e-06
8224.79865782449,7.811312914371555e-06
8234.767830608385,7.744746805005798e-06
8244.73700339228,7.678092945485631e-06
8254.706176176176,7.611376195035911e-06
8264.67534896007,7.544621765495376e-06
8274.644521743965,7.477855159682424e-06
8284.613694527861,7.411102110424355e-06
8294.582867311756,7.34438852047467e-06
8304.55204009565,7.27774040353312e-06
8314.521212879545,7.211183826572533e-06
8324.490385663441,7.14474485366519e-06
8334.459558447335,7.078449491489187e-06
8344.42873123123,7.012323636682712e-06
8354.397904015126,6.9463930252011725e-06
8364.36707679902,6.88068318381826e-06
8374.336249582915,6.815219383898206e-06
8384.30542236681,6.750026597552375e-06
8394.274595150706,6.685129456278555e-06
8404.2437679346,6.620552212167008e-06
8414.212940718495,6.556318701742203e-06
8424.182113502391,6.492452312495015e-06
8434.151286286286,6.428975952144971e-06
8444.12045907018,6.365912020657711e-06
8454.089631854076,6.3032823850287324e-06
8464.05880463797,6.241108356830136e-06
8474.027977421865,6.179410672503113e-06
8483.99715020576,6.118209476366177e-06
8493.966322989656,6.057524306295386e-06
8503.93549577355,5.997374082020908e-06
8513.904668557445,5.93777709597192e-06
8523.873841341341,5.878751006590753e-06
8533.843014125236,5.820312834026494e-06
8543.81218690913,5.7624789581077904e-06
8553.781359693026,5.705265118485843e-06
8563.75053247692,5.648686416829665e-06
8573.719705260815,5.5927573209476e-06
8583.68887804471,5.537491670702826e-06
8593.658050828606,5.482902685583581e-06
8603.6272236125,5.429002973783965e-06
8613.596396396395,5.3758045426464556e-06
8623.565569180291,5.323318810313862e-06
8633.534741964186,5.271556618435285e-06
8643.50391474808,5.220528245769136e-06
8653.473087531976,5.170243422525078e-06
8663.442260315871,5.120711345286444e-06
8673.411433099765,5.071940692355605e-06
8683.38060588366,5.023939639366021e-06
8693.349778667556,4.976715875007259e-06
8703.31895145145,4.930276616712266e-06
8713.288124235345,4.884628626159944e-06
8723.257297019241,4.839778224451021e-06
8733.226469803136,4.795731306820354e-06
8743.19564258703,4.75249335675462e-06
8753.164815370927,4.710069459391566e-06
8763.133988154821,4.66846431408372e-06
8773.103160938716,4.627682246017435e-06
8783.07233372261,4.58772721678669e-06
8793.041506506506,4.54860283382948e-06
8803.0106792904,4.510312358644275e-06
8812.979852074295,4.472858713713167e-06
8822.949024858191,4.436244488068653e-06
8832.918197642086,4.400471941450942e-06
8842.88737042598,4.365543007012963e-06
8852.856543209875,4.331459292541206e-06
8862.825715993771,4.2982220801707435e-06
8872.794888777666,4.265832324583853e-06
8882.76406156156,4.234290649692026e-06
8892.733234345456,4.203597343812309e-06
8902.70240712935,4.173752353358968e-06
8912.671579913245,4.144755275082253e-06
8922.640752697142,4.116605346896135e-06
8932.609925481036,4.089301437346791e-06
8942.57909826493,4.0628420337833545e-06
8952.548271048825,4.0372252293017225e-06
8962.517443832721,4.012448708541135e-06
8972.486616616616,3.988509732421747e-06
8982.45578940051,3.965405121919363e-06
8992.424962184406,3.943131240981112e-06
9002.394134968301,3.921683978692703e-06
9012.363307752195,3.901058730814293e-06
9022.332480536092,3.88125038080785e-06
9032.301653319986,3.86225328048394e-06
9042.27082610388,3.84406123040036e-06
9052.239998887775,3.826667460148923e-06
9062.209171671671,3.810064608669661e-06
9072.178344455566,3.794244704734302e-06
9082.14751723946,3.779199147742367e-06
9092.116690023357,3.76491868897432e-06
9102.085862807251,3.751393413446408e-06
9112.055035591145,3.7386127225111923e-06
9122.024208375042,3.726565317346788e-06
9131.993381158936,3.7152391834756407e-06
9141.96255394283,3.7046215764510844e-06
9151.931726726725,3.694699008846637e-06
9161.900899510621,3.6854572386788073e-06
9171.870072294516,3.6768812593895706e-06
9181.83924507841,3.6689552915092816e-06
9191.808417862307,3.6616627761148328e-06
9201.777590646201,3.6549863701912825e-06
9211.746763430096,3.6489079439981005e-06
9221.715936213992,3.6434085805334884e-06
9231.685108997886,3.638468577182141e-06
9241.65428178178,3.634067449623173e-06
9251.623454565675,3.6301839380660135e-06
9261.592627349572,3.6267960158725593e-06
9271.561800133466,3.6238809006143516e-06
9281.53097291736,3.621415067603367e-06
9291.500145701257,3.619374265924915e-06
9301.469318485151,3.6177335369906167e-06
9311.438491269046,3.6164672356189133e-06
9321.40766405294,3.615549053639853e-06
9331.376836836836,3.6149520460101606e-06
9341.346009620731,3.614648659413933e-06
9351.315182404625,3.6146107633134562e-06
9361.284355188522,3.6148096834042695e-06
9371.253527972416,3.615216237417902e-06
9381.22270075631,3.6158007732056074e-06
9391.191873540207,3.6165332090263013e-06
9401.161046324101,3.6173830759521294e-06
9411.130219107996,3.618319562295678e-06
9421.09939189189,3.619311559953728e-06
9431.068564675787,3.6203277125537224e-06
9441.037737459681,3.6213364652809405e-06
9451.006910243575,3.6223061162564915e-06
9460.976083027472,3.6232048693290173e-06
9470.945255811366,3.624000888136228e-06
9480.91442859526,3.6246623512862e-06
9490.883601379157,3.625157508502814e-06
9500.852774163051,3.6254547375746702e-06
9510.821946946946,3.6255226019425338e-06
9520.79111973084,3.625329908756623e-06
9530.760292514737,3.624845767232077e-06
9540.729465298631,3.6240396471285096e-06
9550.698638082526,3.622881437177998e-06
9560.667810866422,3.621341503284765e-06
9570.636983650316,3.6193907463196407e-06
9580.60615643421,3.617000659332713e-06
9590.575329218107,3.6141433840087394e-06
9600.544502002002,3.6107917661916287e-06
9610.513674785896,3.606919410306793e-06
9620.48284756979,3.602500732513249e-06
9630.452020353687,3.597511012421119e-06
9640.421193137581,3.5919264432145998e-06
9650.390365921476,3.585724180025327e-06
9660.359538705372,3.578882386406843e-06
9670.328711489266,3.5713802787667627e-06
9680.29788427316,3.5631981686200694e-06
9690.267057057057,3.554317502533991e-06
9700.236229840952,3.5447208996426344e-06
9710.205402624846,3.5343921866174657e-06
9720.17457540874,3.523316429988326e-06
9730.143748192637,3.511479965718308e-06
9740.112920976531,3.4988704259450963e-06
9750.082093760426,3.485476762810654e-06
9760.051266544322,3.471289269310873e-06
9770.020439328217,3.4562995971066274e-06
9779.989612112111,3.440500771247687e-06
9789.958784896005,3.4238872017710596e-06
9799.927957679902,3.4064546921456074e-06
9809.897130463796,3.388200444544973e-06
9819.86630324769,3.369123061941101e-06
9829.835476031587,3.3492225470209063e-06
9839.804648815481,3.32850029793872e-06
9849.773821599376,3.3069591009270883e-06
9859.742994383272,3.284603119798468e-06
9869.712167167167,3.261437882379888e-06
9879.681339951061,3.237470263932062e-06
9889.650512734956,3.2127084676136907e-06
9899.619685518852,3.1871620020603377e-06
9909.588858302746,3.1608416561559966e-06
9919.55803108664,3.1337594710833358e-06
9929.527203870537,3.1059287097466676e-06
9939.496376654432,3.077363823668843e-06
9949.465549438326,3.048080417470132e-06
9959.434722222222,3.0180952110438213e-06
